huml,humw,ulnal,ulnaw,feml,femw,tibl,tibw,tarl,tarw,type
30.6,2.45,25.9,1.87,32.36,2.1,50.25,1.88,33.58,1.88,P
48.8,3.78,59.47,3.17,26.14,2.24,36.01,1.63,11.65,2.0,P
49.12,3.59,60.95,2.99,26.35,2.0,37.29,1.81,10.39,2.03,P
26.92,2.73,31.54,2.01,19.1,1.59,26.68,1.35,13.21,1.23,P
27.07,2.66,31.95,1.87,18.8,1.51,26.38,1.33,12.52,1.16,P
27.57,2.67,31.6,2.12,18.92,1.52,30.42,1.58,12.46,1.46,P
18.55,2.12,21.08,1.41,18.19,1.3,25.97,1.17,11.26,1.57,P
18.46,1.79,21.12,1.47,18.83,1.21,26.33,1.05,11.41,1.56,P
47.17,3.96,56.57,2.87,33.6,2.68,50.66,2.49,32.03,2.06,P
44.47,4.24,55.77,3.43,38.57,3.06,52.8,2.82,18.57,3.6,P
31.72,2.64,40.0,1.99,20.36,1.59,32.21,1.62,17.72,1.52,P
33.81,2.8,42.82,2.22,18.88,1.45,26.28,1.31,14.45,1.29,P
45.57,4.64,57.13,2.93,28.32,2.26,36.95,1.96,19.75,2.16,P
46.38,3.41,39.8,3.48,54.67,4.08,85.88,4.04,63.75,3.09,P
43.97,3.54,38.38,3.14,52.49,4.25,83.15,4.12,61.08,3.04,P
41.3,3.44,56.2,2.72,36.7,2.69,62.6,2.52,37.91,2.21,P
19.76,1.43,22.85,1.19,16.33,1.27,24.41,0.99,14.89,0.94,P
9.85,2.88,14.73,1.73,16.27,1.22,20.89,1.25,7.77,1.23,P
27.55,2.35,32.32,1.75,22.54,1.84,33.32,1.61,20.52,1.5,P
37.86,3.24,46.72,2.63,27.52,2.26,42.49,1.89,26.88,1.54,P
44.18,3.88,50.72,3.49,39.58,3.9,50.89,3.61,35.14,2.82,P
20.36,2.03,23.45,1.79,16.93,1.87,25.01,1.59,15.49,1.54,P
41.9,4.04,56.8,3.32,37.3,3.29,63.2,3.12,38.51,2.81,P
41.6,3.74,56.5,3.02,37.0,2.99,62.9,2.82,38.21,2.51,P
20.06,1.73,23.15,1.49,16.63,1.57,24.71,1.29,15.19,1.24,P
27.85,2.65,32.62,2.05,22.84,2.14,33.62,1.91,20.82,1.8,P
29.14,2.75,32.91,2.16,23.13,2.11,33.89,1.8,20.86,1.7,P
27.72,2.67,32.0,2.21,22.68,2.13,32.5,1.76,19.65,1.64,P
39.98,3.34,47.5,2.64,28.57,2.53,42.96,2.2,27.66,1.67,P
29.81,2.59,35.05,2.28,21.48,2.11,31.89,1.84,21.67,1.52,P
28.55,2.65,33.74,2.38,19.56,1.98,29.21,1.64,18.75,1.53,P
36.88,3.18,46.28,2.77,26.08,2.19,39.44,2.03,25.6,1.98,P
34.15,2.98,40.67,2.45,24.72,1.98,37.35,1.93,23.49,1.67,P
33.79,3.04,42.13,2.56,23.09,2.21,34.74,2.07,22.12,1.78,P
34.07,3.26,41.34,2.62,24.25,2.3,36.35,2.13,24.69,2.12,P
31.28,2.83,36.88,2.2,22.3,2.1,32.6,1.68,20.47,1.54,P
41.36,3.52,49.34,2.83,30.97,2.46,44.31,2.43,29.97,2.05,P
30.51,2.69,35.33,2.29,21.9,2.04,32.26,1.65,22.52,1.43,P
28.15,2.95,32.92,2.35,23.14,2.44,33.92,2.21,21.12,2.1,P
28.84,2.45,32.61,1.86,22.83,1.81,33.59,1.5,20.56,1.4,P
29.51,2.29,34.75,1.98,21.18,1.81,31.59,1.54,21.37,1.22,P
44.17,3.94,55.47,3.13,38.27,2.76,52.5,2.52,18.27,3.3,P
9.55,2.58,14.43,1.43,15.97,0.92,20.59,0.95,7.47,0.93,P
31.42,2.34,39.7,1.69,20.06,1.29,31.91,1.32,17.42,1.22,P
33.51,2.5,42.52,1.92,18.58,1.15,25.98,1.01,14.15,0.99,P
45.27,4.34,56.83,2.63,28.02,1.96,36.65,1.66,19.45,1.86,P
46.08,3.11,39.5,3.18,54.37,3.78,85.58,3.74,63.45,2.79,P
43.67,3.24,38.08,2.84,52.19,3.95,82.85,3.82,60.78,2.74,P
18.16,1.49,20.82,1.17,18.53,0.91,26.03,0.75,11.11,1.26,P
45.3,3.05,38.43,3.22,54.15,3.8,83.29,3.42,63.61,2.37,P
29.95,1.99,24.84,1.57,31.31,1.88,50.68,1.7,33.2,1.63,P
30.3,2.15,25.6,1.57,32.06,1.8,49.95,1.58,33.28,1.58,P
28.96,2.36,27.33,1.93,27.57,1.73,38.6,1.51,24.92,1.32,P
45.6,3.35,38.73,3.52,54.45,4.1,83.59,3.72,63.91,2.67,P
42.52,2.99,36.73,2.91,52.24,3.81,81.57,3.71,61.27,2.71,P
30.25,2.29,25.14,1.87,31.61,2.18,50.98,2.0,33.5,1.93,P
29.26,2.66,27.63,2.23,27.87,2.03,38.9,1.81,25.22,1.62,P
42.22,2.69,36.43,2.61,51.94,3.51,81.27,3.41,60.97,2.41,P
27.42,2.37,31.7,1.91,22.38,1.83,32.2,1.46,19.35,1.34,P
18.25,1.82,20.78,1.11,17.89,1.0,25.67,0.87,10.96,1.27,P
26.77,2.36,31.65,1.57,18.5,1.21,26.08,1.03,12.22,0.86,P
30.21,2.39,35.03,1.99,21.6,1.74,31.96,1.35,22.22,1.13,P
28.25,2.35,33.44,2.08,19.26,1.68,28.91,1.34,18.45,1.23,P
36.58,2.88,45.98,2.47,25.78,1.89,39.14,1.73,25.3,1.68,P
33.85,2.68,40.37,2.15,24.42,1.68,37.05,1.63,23.19,1.37,P
33.49,2.74,41.83,2.26,22.79,1.91,34.44,1.77,21.82,1.48,P
33.77,2.96,41.04,2.32,23.95,2.0,36.05,1.83,24.39,1.82,P
30.98,2.53,36.58,1.9,22.0,1.8,32.3,1.38,20.17,1.24,P
27.27,2.37,31.3,1.82,18.62,1.22,30.12,1.28,12.16,1.16,P
41.36,3.26,48.52,2.5,31.64,2.22,45.89,2.01,30.43,1.65,P
43.88,3.58,50.42,3.19,39.28,3.6,50.59,3.31,34.84,2.52,P
39.68,3.04,47.2,2.34,28.27,2.23,42.66,1.9,27.36,1.37,P
37.56,2.94,46.42,2.33,27.22,1.96,42.19,1.59,26.58,1.24,P
46.87,3.66,56.27,2.57,33.3,2.38,50.36,2.19,31.73,1.76,P
48.5,3.48,59.17,2.87,25.84,1.94,35.71,1.33,11.35,1.7,P
48.82,3.29,60.65,2.69,26.05,1.7,36.99,1.51,10.09,1.73,P
26.62,2.43,31.24,1.71,18.8,1.29,26.38,1.05,12.91,0.93,P
41.06,3.22,49.04,2.53,30.67,2.16,44.01,2.13,29.67,1.75,P
29.44,3.05,33.21,2.46,23.43,2.41,34.19,2.1,21.16,2.0,P
41.66,3.56,48.82,2.8,31.94,2.52,46.19,2.31,30.73,1.95,P
30.11,2.89,35.35,2.58,21.78,2.41,32.19,2.14,21.97,1.82,P
27.22,3.03,31.84,2.31,19.4,1.89,26.98,1.65,13.51,1.53,P
27.37,2.96,32.25,2.17,19.1,1.81,26.68,1.63,12.82,1.46,P
27.87,2.97,31.9,2.42,19.22,1.82,30.72,1.88,12.76,1.76,P
18.85,2.42,21.38,1.71,18.49,1.6,26.27,1.47,11.56,1.87,P
18.76,2.09,21.42,1.77,19.13,1.51,26.63,1.35,11.71,1.86,P
44.77,4.54,56.07,3.73,38.87,3.36,53.1,3.12,18.87,3.9,P
10.15,3.18,15.03,2.03,16.57,1.52,21.19,1.55,8.07,1.53,P
32.02,2.94,40.3,2.29,20.66,1.89,32.51,1.92,18.02,1.82,P
34.11,3.1,43.12,2.52,19.18,1.75,26.58,1.61,14.75,1.59,P
45.87,4.94,57.43,3.23,28.62,2.56,37.25,2.26,20.05,2.46,P
46.68,3.71,40.1,3.78,54.97,4.38,86.18,4.34,64.05,3.39,P
44.27,3.84,38.68,3.44,52.79,4.55,83.45,4.42,61.38,3.34,P
45.9,3.65,39.03,3.82,54.75,4.4,83.89,4.02,64.21,2.97,P
42.82,3.29,37.03,3.21,52.54,4.11,81.87,4.01,61.57,3.01,P
30.55,2.59,25.44,2.17,31.91,2.48,51.28,2.3,33.8,2.23,P
30.9,2.75,26.2,2.17,32.66,2.4,50.55,2.18,33.88,2.18,P
28.02,2.97,32.3,2.51,22.98,2.43,32.8,2.06,19.95,1.94,P
49.42,3.89,61.25,3.29,26.65,2.3,37.59,2.11,10.69,2.33,P
49.1,4.08,59.77,3.47,26.44,2.54,36.31,1.93,11.95,2.3,P
29.56,2.96,27.93,2.53,28.17,2.33,39.2,2.11,25.52,1.92,P
38.16,3.54,47.02,2.93,27.82,2.56,42.79,2.19,27.18,1.84,P
47.47,4.26,56.87,3.17,33.9,2.98,50.96,2.79,32.33,2.36,P
30.81,2.99,35.63,2.59,22.2,2.34,32.56,1.95,22.82,1.73,P
28.85,2.95,34.04,2.68,19.86,2.28,29.51,1.94,19.05,1.83,P
34.45,3.28,40.97,2.75,25.02,2.28,37.65,2.23,23.79,1.97,P
34.09,3.34,42.43,2.86,23.39,2.51,35.04,2.37,22.42,2.08,P
34.37,3.56,41.64,2.92,24.55,2.6,36.65,2.43,24.99,2.42,P
37.18,3.48,46.58,3.07,26.38,2.49,39.74,2.33,25.9,2.28,P
41.96,3.86,49.12,3.1,32.24,2.82,46.49,2.61,31.03,2.25,P
41.66,3.82,49.64,3.13,31.27,2.76,44.61,2.73,30.27,2.35,P
40.28,3.64,47.8,2.94,28.87,2.83,43.26,2.5,27.96,1.97,P
44.48,4.18,51.02,3.79,39.88,4.2,51.19,3.91,35.44,3.12,P
31.58,3.13,37.18,2.5,22.6,2.4,32.9,1.98,20.77,1.84,P
116.85,7.43,134.8,6.19,73.51,6.1,112.66,5.94,61.25,6.9,R
119.58,8.04,138.39,6.25,76.36,6.5,115.9,6.07,59.9,6.92,R
126.88,8.01,148.47,6.59,81.42,6.71,124.05,6.58,64.57,7.97,R
47.16,2.82,55.41,2.37,34.58,2.47,53.22,2.29,33.77,2.51,R
44.91,2.54,48.45,2.14,34.87,2.48,50.87,2.27,29.8,2.7,R
111.17,8.56,129.35,7.08,81.1,8.28,112.66,7.48,84.99,7.41,R
61.6,3.42,66.26,2.59,37.04,2.84,63.03,2.87,44.51,2.43,R
94.03,5.88,104.09,4.32,56.76,4.98,96.6,4.87,68.65,4.4,R
90.13,5.92,104.28,4.4,54.55,4.65,94.99,4.42,67.55,4.14,R
96.46,5.71,111.85,4.2,59.82,4.65,99.16,4.56,73.95,4.29,R
93.37,5.33,102.65,3.9,58.55,4.62,101.24,4.57,71.3,4.38,R
99.69,6.09,111.0,4.26,60.84,4.75,104.72,4.92,71.23,4.21,R
117.43,7.13,136.26,5.51,75.54,5.85,115.3,5.45,59.45,8.25,R
34.84,2.44,40.68,2.04,38.43,2.54,42.48,2.45,20.07,3.15,R
33.12,2.4,39.85,1.8,27.46,2.19,38.99,2.15,19.1,2.89,R
35.63,2.4,42.67,2.02,28.51,2.41,42.64,2.46,21.05,3.12,R
54.77,4.67,63.59,3.62,48.13,3.75,64.55,3.45,55.27,3.16,R
62.79,5.05,69.96,4.29,57.6,4.9,77.9,4.56,60.61,4.16,R
53.18,4.77,62.32,4.06,47.39,3.94,63.72,3.7,54.84,3.2,R
100.29,6.33,112.19,4.69,59.71,4.94,102.54,5.33,71.03,4.95,R
119.12,7.57,137.37,6.06,75.53,6.35,115.02,6.22,60.99,7.91,R
42.46,3.49,47.34,3.27,36.03,2.94,49.17,2.68,34.38,2.25,R
57.41,3.82,70.39,3.08,39.7,3.37,66.58,3.33,46.81,2.78,R
121.59,8.17,148.52,6.44,89.67,7.63,116.71,6.87,83.28,6.8,R
98.94,7.13,119.72,5.6,74.17,6.3,106.5,5.8,83.13,5.86,R
89.05,6.28,102.09,5.37,70.32,5.9,96.12,5.7,75.05,5.12,R
89.63,6.44,104.11,5.26,72.24,6.32,97.78,5.81,76.76,5.29,R
83.13,5.8,95.42,4.4,66.98,5.14,90.6,4.95,75.64,4.56,R
81.39,5.77,94.83,4.8,65.97,5.52,91.63,5.38,73.29,5.11,R
108.37,7.49,129.39,6.0,82.29,6.74,113.39,6.38,86.05,6.15,R
117.67,9.55,136.82,7.3,87.79,9.22,119.47,8.19,86.91,7.66,R
130.06,9.51,155.0,7.18,94.79,8.64,125.53,7.87,53.83,7.89,R
116.41,6.85,131.0,5.8,75.36,6.55,119.87,6.1,99.72,6.06,R
107.06,8.62,129.08,6.48,71.03,6.87,100.06,6.1,68.64,5.87,R
120.0,8.38,130.0,6.41,89.93,8.46,116.17,7.52,84.18,6.97,R
85.45,6.16,99.32,4.81,53.01,4.27,69.15,4.21,37.61,5.47,R
83.02,5.95,96.97,4.38,51.87,4.21,66.6,4.06,36.6,5.63,R
71.97,6.18,84.68,5.14,63.79,5.43,82.93,4.63,52.71,4.72,R
82.58,7.32,97.52,6.19,71.37,6.3,91.66,5.65,56.93,5.99,R
45.37,3.72,51.37,3.16,39.02,2.99,53.23,2.68,38.07,2.29,R
41.65,3.62,46.01,3.03,38.37,2.85,48.11,2.55,35.49,2.22,R
145.0,10.37,188.0,7.92,77.09,7.75,125.48,7.9,51.99,9.64,R
142.0,9.6,82.0,7.31,77.96,7.03,124.98,7.05,51.82,8.26,R
145.0,10.31,188.0,7.85,78.86,7.72,126.54,7.13,53.64,8.88,R
50.78,3.15,62.89,2.69,36.32,2.84,62.53,2.75,44.08,2.61,R
102.65,7.31,118.97,6.02,79.05,7.19,104.31,6.42,80.4,6.4,R
41.95,3.92,46.31,3.33,38.67,3.15,48.41,2.85,35.79,2.52,R
81.69,6.07,95.13,5.1,66.27,5.82,91.93,5.68,73.59,5.41,R
127.18,8.31,148.77,6.89,81.72,7.01,124.35,6.88,64.87,8.27,R
47.46,3.12,55.71,2.67,34.88,2.77,53.52,2.59,34.07,2.81,R
45.21,2.84,48.75,2.44,35.17,2.78,51.17,2.57,30.1,3.0,R
61.9,3.72,66.56,2.89,37.34,3.14,63.33,3.17,44.81,2.73,R
94.33,6.18,104.39,4.62,57.06,5.28,96.9,5.17,68.95,4.7,R
90.43,6.22,104.58,4.7,54.85,4.95,95.29,4.72,67.85,4.44,R
100.59,6.63,112.49,4.99,60.01,5.24,102.84,5.63,71.33,5.25,R
96.76,6.01,112.15,4.5,60.12,4.95,99.46,4.86,74.25,4.59,R
93.67,5.63,102.95,4.2,58.85,4.92,101.54,4.87,71.6,4.68,R
119.88,8.34,138.69,6.55,76.66,6.8,116.2,6.37,60.2,7.22,R
99.99,6.39,111.3,4.56,61.14,5.05,105.02,5.22,71.53,4.51,R
33.42,2.7,40.15,2.1,27.76,2.49,39.29,2.45,19.4,3.19,R
35.93,2.7,42.97,2.32,28.81,2.71,42.94,2.76,21.35,3.42,R
102.35,7.01,118.67,5.72,78.75,6.89,104.01,6.12,80.1,6.1,R
110.57,7.96,128.75,6.48,80.5,7.68,112.06,6.88,84.39,6.81,R
52.58,4.17,61.72,3.46,46.79,3.34,63.12,3.1,54.24,2.6,R
57.26,4.03,66.85,3.24,54.89,3.91,74.73,3.41,59.03,2.99,R
54.17,4.07,62.99,3.02,47.53,3.15,63.95,2.85,54.67,2.56,R
62.19,4.45,69.36,3.69,57.0,4.3,77.3,3.96,60.01,3.56,R
57.18,4.44,68.76,3.78,57.26,4.5,79.86,3.95,60.24,3.48,R
35.14,2.74,40.98,2.34,38.73,2.84,42.78,2.75,20.37,3.45,R
108.67,7.79,129.69,6.3,82.59,7.04,113.69,6.68,86.35,6.45,R
117.15,7.73,135.1,6.49,73.81,6.4,112.96,6.24,61.55,7.2,R
119.42,7.87,137.67,6.36,75.83,6.65,115.32,6.52,61.29,8.21,R
83.43,6.1,95.72,4.7,67.28,5.44,90.9,5.25,75.94,4.86,R
89.93,6.74,104.41,5.56,72.54,6.62,98.08,6.11,77.06,5.59,R
89.35,6.58,102.39,5.67,70.62,6.2,96.42,6.0,75.35,5.42,R
99.24,7.43,120.02,5.9,74.47,6.6,106.8,6.1,83.43,6.16,R
121.89,8.47,148.82,6.74,89.97,7.93,117.01,7.17,83.58,7.1,R
130.36,9.81,155.3,7.48,95.09,8.94,125.83,8.17,54.13,8.19,R
116.71,7.15,131.3,6.1,75.66,6.85,120.17,6.4,100.02,6.36,R
107.36,8.92,129.38,6.78,71.33,7.17,100.36,6.4,68.94,6.17,R
120.3,8.68,130.3,6.71,90.23,8.76,116.47,7.82,84.48,7.27,R
117.73,7.43,136.56,5.81,75.84,6.15,115.6,5.75,59.75,8.55,R
85.75,6.46,99.62,5.11,53.31,4.57,69.45,4.51,37.91,5.77,R
72.27,6.48,84.98,5.44,64.09,5.73,83.23,4.93,53.01,5.02,R
82.88,7.62,97.82,6.49,71.67,6.6,91.96,5.95,57.23,6.29,R
45.67,4.02,51.67,3.46,39.32,3.29,53.53,2.98,38.37,2.59,R
42.76,3.79,47.64,3.57,36.33,3.24,49.47,2.98,34.68,2.55,R
145.3,10.67,188.3,8.22,77.39,8.05,125.78,8.2,52.29,9.94,R
142.3,9.9,82.3,7.61,78.26,7.33,125.28,7.35,52.12,8.56,R
145.3,10.61,188.3,8.15,79.16,8.02,126.84,7.43,53.94,9.18,R
57.71,4.12,70.69,3.38,40.0,3.67,66.88,3.63,47.11,3.08,R
51.08,3.45,63.19,2.99,36.62,3.14,62.83,3.05,44.38,2.91,R
83.32,6.25,97.27,4.68,52.17,4.51,66.9,4.36,36.9,5.93,R
117.37,9.25,136.52,7.0,87.49,8.92,119.17,7.89,86.61,7.36,R
57.86,4.63,67.45,3.84,55.49,4.51,75.33,4.01,59.63,3.59,R
52.88,4.47,62.02,3.76,47.09,3.64,63.42,3.4,54.54,2.9,R
144.7,10.01,187.7,7.55,78.56,7.42,126.24,6.83,53.34,8.58,R
57.11,3.52,70.09,2.78,39.4,3.07,66.28,3.03,46.51,2.48,R
50.48,2.85,62.59,2.39,36.02,2.54,62.23,2.45,43.78,2.31,R
118.82,7.27,137.07,5.76,75.23,6.05,114.72,5.92,60.69,7.61,R
117.13,6.83,135.96,5.21,75.24,5.55,115.0,5.15,59.15,7.95,R
116.55,7.13,134.5,5.89,73.21,5.8,112.36,5.64,60.95,6.6,R
119.28,7.74,138.09,5.95,76.06,6.2,115.6,5.77,59.6,6.62,R
126.58,7.71,148.17,6.29,81.12,6.41,123.75,6.28,64.27,7.67,R
46.86,2.52,55.11,2.07,34.28,2.17,52.92,1.99,33.47,2.21,R
44.61,2.24,48.15,1.84,34.57,2.18,50.57,1.97,29.5,2.4,R
61.3,3.12,65.96,2.29,36.74,2.54,62.73,2.57,44.21,2.13,R
93.73,5.58,103.79,4.02,56.46,4.68,96.3,4.57,68.35,4.1,R
89.83,5.62,103.98,4.1,54.25,4.35,94.69,4.12,67.25,3.84,R
99.99,6.03,111.89,4.39,59.41,4.64,102.24,5.03,70.73,4.65,R
96.16,5.41,111.55,3.9,59.52,4.35,98.86,4.26,73.65,3.99,R
93.07,5.03,102.35,3.6,58.25,4.32,100.94,4.27,71.0,4.08,R
99.39,5.79,110.7,3.96,60.54,4.45,104.42,4.62,70.93,3.91,R
34.54,2.14,40.38,1.74,38.13,2.24,42.18,2.15,19.77,2.85,R
32.82,2.1,39.55,1.5,27.16,1.89,38.69,1.85,18.8,2.59,R
35.33,2.1,42.37,1.72,28.21,2.11,42.34,2.16,20.75,2.82,R
110.87,8.26,129.05,6.78,80.8,7.98,112.36,7.18,84.69,7.11,R
141.7,9.3,81.7,7.01,77.66,6.73,124.68,6.75,51.52,7.96,R
144.7,10.07,187.7,7.62,76.79,7.45,125.18,7.6,51.69,9.34,R
57.78,5.04,69.36,4.38,57.86,5.1,80.46,4.55,60.84,4.08,R
41.35,3.32,45.71,2.73,38.07,2.55,47.81,2.25,35.19,1.92,R
42.16,3.19,47.04,2.97,35.73,2.64,48.87,2.38,34.08,1.95,R
57.56,4.33,67.15,3.54,55.19,4.21,75.03,3.71,59.33,3.29,R
54.47,4.37,63.29,3.32,47.83,3.45,64.25,3.15,54.97,2.86,R
62.49,4.75,69.66,3.99,57.3,4.6,77.6,4.26,60.31,3.86,R
57.48,4.74,69.06,4.08,57.56,4.8,80.16,4.25,60.54,3.78,R
117.07,8.95,136.22,6.7,87.19,8.62,118.87,7.59,86.31,7.06,R
108.07,7.19,129.09,5.7,81.99,6.44,113.09,6.08,85.75,5.85,R
81.09,5.47,94.53,4.5,65.67,5.22,91.33,5.08,72.99,4.81,R
82.83,5.5,95.12,4.1,66.68,4.84,90.3,4.65,75.34,4.26,R
89.33,6.14,103.81,4.96,71.94,6.02,97.48,5.51,76.46,4.99,R
88.75,5.98,101.79,5.07,70.02,5.6,95.82,5.4,74.75,4.82,R
102.05,6.71,118.37,5.42,78.45,6.59,103.71,5.82,79.8,5.8,R
121.29,7.87,148.22,6.14,89.37,7.33,116.41,6.57,82.98,6.5,R
129.76,9.21,154.7,6.88,94.49,8.34,125.23,7.57,53.53,7.59,R
116.11,6.55,130.7,5.5,75.06,6.25,119.57,5.8,99.42,5.76,R
106.76,8.32,128.78,6.18,70.73,6.57,99.76,5.8,68.34,5.57,R
119.7,8.08,129.7,6.11,89.63,8.16,115.87,7.22,83.88,6.67,R
85.15,5.86,99.02,4.51,52.71,3.97,68.85,3.91,37.31,5.17,R
82.72,5.65,96.67,4.08,51.57,3.91,66.3,3.76,36.3,5.33,R
71.67,5.88,84.38,4.84,63.49,5.13,82.63,4.33,52.41,4.42,R
98.64,6.83,119.42,5.3,73.87,6.0,106.2,5.5,82.83,5.56,R
45.07,3.42,51.07,2.86,38.72,2.69,52.93,2.38,37.77,1.99,R
82.28,7.02,97.22,5.89,71.07,6.0,91.36,5.35,56.63,5.69,R
14.94,1.1,18.07,0.83,13.45,0.75,25.27,0.61,18.8,0.56,SO
13.18,0.97,15.7,0.7,12.37,0.8,22.82,0.58,16.04,0.59,SO
18.38,1.32,24.48,1.1,15.86,0.82,29.37,0.76,21.79,0.48,SO
13.08,0.84,16.21,0.93,12.18,0.82,24.61,0.62,17.25,0.58,SO
14.21,1.19,18.49,0.82,13.77,0.71,25.55,0.7,18.08,0.5,SO
14.32,1.09,18.93,0.82,13.83,0.67,25.81,0.73,17.93,0.43,SO
14.58,1.19,19.25,0.85,13.39,0.68,25.24,0.61,17.85,0.39,SO
14.31,1.07,20.0,0.93,13.98,0.74,24.79,0.58,17.09,0.49,SO
13.22,0.98,17.58,0.77,14.8,0.75,24.84,0.93,17.51,0.39,SO
12.39,1.39,17.14,0.86,11.53,0.73,23.5,0.57,16.67,0.36,SO
21.96,1.64,27.39,1.41,16.97,0.98,26.99,0.96,17.19,0.72,SO
24.54,2.02,28.58,1.71,25.35,1.71,39.9,1.53,26.36,1.35,SO
23.22,1.86,29.03,1.42,20.29,1.19,32.15,0.83,19.03,0.7,SO
22.25,1.97,28.0,1.46,19.59,1.22,30.65,1.09,18.38,0.76,SO
23.64,2.15,27.56,1.65,23.72,1.57,35.32,1.56,22.69,1.13,SO
47.9,3.78,61.64,3.45,39.81,2.8,61.79,2.91,36.96,2.16,SO
23.98,1.86,29.99,1.61,20.02,1.32,28.99,1.17,24.18,1.09,SO
13.37,0.97,17.22,0.78,12.47,0.86,25.17,0.68,17.85,0.98,SO
19.3,1.98,24.3,1.75,15.16,1.53,27.49,1.31,20.35,1.16,SO
29.68,2.74,30.14,2.74,29.25,2.43,47.48,2.49,31.76,2.18,SO
20.49,2.15,26.71,1.83,16.01,1.59,29.96,1.45,22.2,1.35,SO
18.39,1.45,22.46,1.27,16.45,1.0,26.3,0.75,17.7,0.62,SO
18.64,1.53,22.65,1.39,16.95,0.95,28.29,0.86,18.56,0.67,SO
27.6,2.21,31.26,1.77,23.78,1.98,45.6,1.79,34.68,1.3,SO
26.19,2.08,30.08,1.74,22.69,1.84,41.89,1.57,33.41,1.16,SO
26.45,2.09,30.18,1.67,22.81,1.78,43.9,1.49,34.17,1.28,SO
26.76,2.2,29.98,1.8,23.66,1.94,45.72,1.46,33.61,1.46,SO
18.7,1.38,23.7,1.15,14.56,0.93,26.89,0.71,19.75,0.56,SO
19.04,1.39,24.59,1.21,14.99,0.98,28.33,0.92,21.65,0.64,SO
18.19,1.74,19.56,1.4,17.92,1.64,30.11,1.54,21.99,1.35,SO
20.68,2.08,22.83,1.8,21.65,1.78,36.39,1.83,26.28,1.54,SO
19.09,1.93,20.13,1.83,21.26,1.73,34.75,1.71,23.16,1.51,SO
19.51,1.94,21.06,1.79,19.54,1.75,33.51,1.58,23.9,1.45,SO
18.26,1.93,19.55,1.63,18.66,1.84,31.55,1.63,22.29,1.45,SO
13.93,1.46,15.52,1.36,14.05,1.29,23.43,1.26,15.92,1.31,SO
13.25,1.46,14.39,1.33,13.33,1.33,22.43,1.26,15.49,1.32,SO
22.22,2.1,26.03,1.79,20.28,1.65,30.77,1.66,20.41,1.55,SO
21.51,2.18,23.65,1.92,22.27,1.85,35.32,1.7,22.65,1.54,SO
23.34,2.45,28.59,2.24,21.76,1.97,33.71,1.72,22.78,1.57,SO
23.57,2.45,27.92,2.46,22.16,1.94,35.85,1.81,23.53,1.62,SO
19.84,2.16,23.65,1.77,18.64,1.76,29.35,1.65,19.98,1.38,SO
16.0,1.72,18.88,1.5,15.52,1.38,25.69,1.22,17.18,1.04,SO
17.16,1.88,21.02,1.66,15.22,1.43,24.86,1.28,17.06,1.11,SO
17.6,1.98,20.73,1.63,15.81,1.45,26.26,1.18,17.71,1.11,SO
21.25,2.19,24.42,1.96,21.54,2.14,37.01,1.83,26.29,1.53,SO
23.14,2.51,28.0,2.36,22.43,2.02,34.9,1.99,25.38,1.69,SO
21.83,2.21,25.6,1.97,21.1,1.95,34.38,1.63,24.16,1.57,SO
20.71,2.12,22.96,2.01,18.44,1.82,29.6,1.51,20.59,1.45,SO
17.82,1.31,22.02,1.08,16.12,0.83,26.34,0.8,17.44,0.68,SO
23.62,2.36,28.2,2.14,22.79,1.96,35.07,1.72,23.35,1.48,SO
23.73,2.07,28.96,1.64,22.28,1.58,36.83,1.43,25.09,1.13,SO
23.58,2.1,28.86,1.44,22.54,1.72,36.94,1.24,25.85,1.02,SO
29.31,2.11,33.63,1.72,30.49,1.89,51.34,1.71,37.03,1.48,SO
29.98,2.59,35.07,1.85,30.79,2.21,53.06,2.01,39.22,1.39,SO
27.8,2.14,32.2,1.89,29.38,2.03,50.17,1.91,37.68,1.49,SO
28.36,2.18,32.94,1.72,29.03,1.96,50.34,1.75,35.69,1.55,SO
36.06,3.01,40.21,2.26,37.22,2.55,53.66,2.33,42.41,2.11,SO
36.75,3.18,41.11,2.61,37.07,2.84,61.35,2.59,44.42,1.94,SO
40.89,3.48,42.94,2.61,39.31,2.85,64.38,2.69,46.44,2.24,SO
37.41,3.25,42.17,2.59,37.82,2.83,62.15,2.76,46.11,2.12,SO
38.36,3.53,43.41,2.72,39.75,3.21,64.67,2.65,47.39,2.27,SO
20.77,1.7,25.06,1.4,17.36,1.42,25.98,1.05,19.13,1.06,SO
21.16,1.67,25.14,1.43,17.47,1.41,26.71,1.26,18.76,0.96,SO
21.83,1.8,26.23,1.48,17.53,1.33,25.82,1.22,18.44,0.9,SO
21.52,1.7,26.43,1.47,17.23,1.29,25.52,1.09,18.49,1.07,SO
16.2,1.16,19.14,1.12,15.28,0.91,25.91,0.87,18.15,0.84,SO
15.67,1.17,19.61,1.02,14.81,0.94,25.69,0.84,18.06,1.1,SO
16.83,1.19,20.08,1.03,14.94,0.86,27.66,0.9,19.8,0.94,SO
15.16,1.16,18.82,1.06,14.45,0.88,25.95,0.92,17.6,0.82,SO
21.38,1.63,24.54,1.56,20.55,1.48,34.92,1.27,23.81,1.21,SO
21.84,1.61,25.41,1.44,20.3,1.37,35.14,1.12,23.56,1.62,SO
21.96,1.47,24.28,1.37,20.98,1.38,35.76,1.13,23.84,1.11,SO
25.1,1.54,23.88,1.43,23.72,1.64,38.67,1.24,26.96,1.18,SO
24.13,1.78,25.68,1.54,23.47,1.48,38.84,1.6,27.62,1.18,SO
20.06,1.61,21.62,1.24,21.26,1.51,36.51,1.26,26.01,0.97,SO
21.01,1.94,26.36,1.57,18.69,1.34,30.34,1.13,20.46,0.88,SO
20.67,1.86,25.97,1.55,18.59,1.06,30.71,0.93,19.98,0.81,SO
20.74,1.82,25.97,1.51,18.24,1.09,29.2,1.09,19.6,0.81,SO
25.06,2.06,27.74,1.38,22.46,1.47,35.28,1.12,24.31,1.33,T
24.26,1.95,28.23,1.64,22.83,1.56,37.97,1.32,26.38,1.65,SO
15.85,1.78,19.23,1.6,17.88,1.53,31.95,1.44,24.42,1.28,T
17.1,1.88,20.07,1.69,17.16,1.59,30.05,1.48,22.07,1.34,SO
15.92,1.58,18.82,1.36,16.05,1.47,28.93,1.33,21.69,1.18,SO
20.38,2.37,26.08,2.11,20.73,1.92,38.6,1.65,30.55,1.39,SO
21.68,2.17,27.72,2.0,20.97,1.84,38.18,1.63,28.85,1.38,SO
17.62,2.13,24.64,1.66,18.66,1.5,37.56,1.6,25.33,1.35,SO
19.7,2.18,25.38,1.87,19.19,1.82,37.19,1.61,30.16,1.34,SO
20.94,2.27,26.4,1.91,20.91,1.86,40.49,1.77,30.93,1.52,SO
18.6,1.99,23.27,1.78,18.46,1.8,36.69,1.54,27.76,1.28,T
28.44,2.65,30.93,2.16,28.79,2.48,49.37,2.37,34.94,2.08,SO
26.39,2.47,29.29,2.07,28.04,2.45,46.94,2.34,33.15,2.11,SO
26.08,2.51,28.46,2.14,23.59,2.05,42.64,1.88,30.69,1.64,SO
29.48,2.69,34.62,2.34,27.96,2.39,49.96,2.26,36.56,2.0,T
27.01,2.62,32.01,2.2,25.41,2.53,48.21,2.38,48.65,2.25,SO
22.18,2.32,25.75,1.98,21.94,2.03,37.56,1.68,26.3,1.54,SO
22.55,2.22,26.23,1.91,22.45,1.96,38.78,1.76,27.04,1.53,SO
24.29,2.49,29.18,2.26,23.46,2.05,39.28,2.13,27.51,1.73,SO
32.61,3.3,39.33,3.03,29.81,2.69,51.34,2.7,36.41,2.33,SO
32.38,3.0,38.6,2.93,29.06,2.51,50.15,2.29,35.59,2.03,SO
31.44,3.17,37.64,3.11,28.74,2.61,48.95,2.6,34.28,2.27,SO
30.4,2.79,34.99,2.56,29.04,2.38,49.38,2.4,36.39,2.18,SO
30.56,2.84,35.1,2.39,29.96,2.5,48.97,2.46,35.07,2.3,SO
24.97,2.2,27.36,2.4,25.0,2.16,40.02,2.29,27.52,2.0,SO
25.87,2.48,29.35,2.45,25.54,2.21,41.2,2.13,28.35,2.3,SO
26.62,2.64,30.47,2.48,25.04,2.21,41.9,2.07,29.28,2.18,SO
26.53,2.6,30.83,2.45,25.15,2.26,41.63,2.01,29.31,2.07,SO
22.65,2.31,25.43,2.15,22.28,1.99,36.8,2.01,26.72,1.82,SO
20.92,2.17,23.75,2.05,21.26,1.98,34.94,2.06,25.1,1.76,SO
21.1,2.25,23.74,1.9,20.97,1.75,35.82,1.75,25.71,1.66,SO
22.15,2.36,26.2,2.05,21.16,2.02,34.56,1.73,23.55,1.48,SO
20.4,2.19,25.87,2.1,20.72,1.95,37.35,1.72,28.92,1.26,SO
20.26,2.18,25.49,1.96,19.83,1.78,36.95,1.7,27.95,1.41,SO
30.51,3.27,37.61,2.88,28.01,2.3,48.28,2.28,34.09,1.91,SO
29.82,3.22,37.77,2.67,28.52,2.55,47.79,2.28,34.9,1.93,SO
16.29,1.65,18.62,1.43,16.14,1.49,30.35,1.53,23.24,1.38,SO
19.27,1.88,21.56,1.7,21.8,1.85,36.82,1.82,25.34,1.77,SO
23.57,2.3,25.1,2.13,26.34,2.09,42.21,1.97,30.06,1.69,SO
22.49,2.16,25.23,1.82,24.44,2.08,40.47,2.03,29.91,1.73,SO
20.73,1.89,22.98,1.69,20.3,1.84,35.93,1.63,25.87,1.87,SO
19.93,2.06,23.88,1.63,19.15,1.84,33.4,1.64,24.39,1.44,SO
24.12,2.49,29.9,2.18,20.65,1.86,28.84,1.84,23.68,1.56,SO
24.2,2.62,29.13,1.97,21.48,2.15,33.41,1.91,23.32,1.63,SO
25.54,2.72,32.43,2.4,21.44,1.99,29.88,1.87,25.79,1.72,SO
24.58,2.46,30.59,2.21,20.62,1.92,29.59,1.77,24.78,1.69,SO
48.5,4.38,62.24,4.05,40.41,3.4,62.39,3.51,37.56,2.76,SO
24.24,2.75,28.16,2.25,24.32,2.17,35.92,2.16,23.29,1.73,SO
22.85,2.57,28.6,2.06,20.19,1.82,31.25,1.69,18.98,1.36,SO
19.64,1.99,25.19,1.81,15.59,1.58,28.93,1.52,22.25,1.24,SO
23.82,2.46,29.63,2.02,20.89,1.79,32.75,1.43,19.63,1.3,SO
22.56,2.24,27.99,2.01,17.57,1.58,27.59,1.56,17.79,1.32,SO
12.99,1.99,17.74,1.46,12.13,1.33,24.1,1.17,17.27,0.96,SO
13.82,1.58,18.18,1.37,15.4,1.35,25.44,1.53,18.11,0.99,SO
14.91,1.67,20.6,1.53,14.58,1.34,25.39,1.18,17.69,1.09,SO
15.18,1.79,19.85,1.45,13.99,1.28,25.84,1.21,18.45,0.99,SO
14.92,1.69,19.53,1.42,14.43,1.27,26.41,1.33,18.53,1.03,SO
14.81,1.79,19.09,1.42,14.37,1.31,26.15,1.3,18.68,1.1,SO
13.97,1.57,17.82,1.38,13.07,1.46,25.77,1.28,18.45,1.58,SO
13.68,1.44,16.81,1.53,12.78,1.42,25.21,1.22,17.85,1.18,SO
13.78,1.57,16.3,1.3,12.97,1.4,23.42,1.18,16.64,1.19,SO
15.54,1.7,18.67,1.43,14.05,1.35,25.87,1.21,19.4,1.16,SO
13.61,1.47,16.77,1.36,12.62,1.23,22.77,1.25,16.27,1.05,SO
17.23,1.82,19.79,1.42,16.11,1.49,29.19,1.38,21.71,1.22,SO
25.14,2.62,29.18,2.31,25.95,2.31,40.5,2.13,26.96,1.95,SO
18.98,1.92,25.08,1.7,16.46,1.42,29.97,1.36,22.39,1.08,SO
17.59,1.14,18.96,0.8,17.32,1.04,29.51,0.94,21.39,0.75,SO
13.31,1.17,16.47,1.06,12.32,0.93,22.47,0.95,15.97,0.75,SO
23.9,2.32,28.83,1.67,21.18,1.85,33.11,1.61,23.02,1.33,SO
25.24,2.42,32.13,2.1,21.14,1.69,29.58,1.57,25.49,1.42,SO
24.28,2.16,30.29,1.91,20.32,1.62,29.29,1.47,24.48,1.39,SO
48.2,4.08,61.94,3.75,40.11,3.1,62.09,3.21,37.26,2.46,SO
23.94,2.45,27.86,1.95,24.02,1.87,35.62,1.86,22.99,1.43,SO
22.55,2.27,28.3,1.76,19.89,1.52,30.95,1.39,18.68,1.06,SO
23.52,2.16,29.33,1.72,20.59,1.49,32.45,1.13,19.33,1.0,SO
24.84,2.32,28.88,2.01,25.65,2.01,40.2,1.83,26.66,1.65,SO
22.26,1.94,27.69,1.71,17.27,1.28,27.29,1.26,17.49,1.02,SO
12.69,1.69,17.44,1.16,11.83,1.03,23.8,0.87,16.97,0.66,SO
13.52,1.28,17.88,1.07,15.1,1.05,25.14,1.23,17.81,0.69,SO
14.61,1.37,20.3,1.23,14.28,1.04,25.09,0.88,17.39,0.79,SO
14.88,1.49,19.55,1.15,13.69,0.98,25.54,0.91,18.15,0.69,SO
14.62,1.39,19.23,1.12,14.13,0.97,26.11,1.03,18.23,0.73,SO
14.51,1.49,18.79,1.12,14.07,1.01,25.85,1.0,18.38,0.8,SO
13.67,1.27,17.52,1.08,12.77,1.16,25.47,0.98,18.15,1.28,SO
13.38,1.14,16.51,1.23,12.48,1.12,24.91,0.92,17.55,0.88,SO
18.68,1.62,24.78,1.4,16.16,1.12,29.67,1.06,22.09,0.78,SO
18.3,1.69,22.97,1.48,18.16,1.5,36.39,1.24,27.46,0.98,SO
20.64,1.97,26.1,1.61,20.61,1.56,40.19,1.47,30.63,1.22,SO
19.4,1.88,25.08,1.57,18.89,1.52,36.89,1.31,29.86,1.04,SO
17.32,1.83,24.34,1.36,18.36,1.2,37.26,1.3,25.03,1.05,SO
21.38,1.87,27.42,1.7,20.67,1.54,37.88,1.33,28.55,1.08,SO
23.82,2.19,29.6,1.88,20.35,1.56,28.54,1.54,23.38,1.26,SO
20.08,2.07,25.78,1.81,20.43,1.62,38.3,1.35,30.25,1.09,SO
19.96,1.88,25.19,1.66,19.53,1.48,36.65,1.4,27.65,1.11,SO
30.21,2.97,37.31,2.58,27.71,2.0,47.98,1.98,33.79,1.61,SO
29.52,2.92,37.47,2.37,28.22,2.25,47.49,1.98,34.6,1.63,SO
16.93,1.52,19.49,1.12,15.81,1.19,28.89,1.08,21.41,0.92,SO
15.24,1.4,18.37,1.13,13.75,1.05,25.57,0.91,19.1,0.86,SO
13.48,1.27,16.0,1.0,12.67,1.1,23.12,0.88,16.34,0.89,SO
20.1,1.89,25.57,1.8,20.42,1.65,37.05,1.42,28.62,0.96,SO
19.63,1.76,23.58,1.33,18.85,1.54,33.1,1.34,24.09,1.14,SO
20.43,1.59,22.68,1.39,20.0,1.54,35.63,1.33,25.57,1.57,SO
22.19,1.86,24.93,1.52,24.14,1.78,40.17,1.73,29.61,1.43,SO
16.86,1.58,20.72,1.36,14.92,1.13,24.56,0.98,16.76,0.81,SO
15.7,1.42,18.58,1.2,15.22,1.08,25.39,0.92,16.88,0.74,SO
19.54,1.86,23.35,1.47,18.34,1.46,29.05,1.35,19.68,1.08,SO
23.27,2.15,27.62,2.16,21.86,1.64,35.55,1.51,23.23,1.32,SO
23.04,2.15,28.29,1.94,21.46,1.67,33.41,1.42,22.48,1.27,T
21.21,1.88,23.35,1.62,21.97,1.55,35.02,1.4,22.35,1.24,SO
17.3,1.68,20.43,1.33,15.51,1.15,25.96,0.88,17.41,0.81,SO
21.92,1.8,25.73,1.49,19.98,1.35,30.47,1.36,20.11,1.25,T
13.63,1.16,15.22,1.06,13.75,0.99,23.13,0.96,15.62,1.01,SO
17.96,1.63,19.25,1.33,18.36,1.54,31.25,1.33,21.99,1.15,SO
19.21,1.64,20.76,1.49,19.24,1.45,33.21,1.28,23.6,1.15,SO
18.79,1.63,19.83,1.53,20.96,1.43,34.45,1.41,22.86,1.21,SO
20.38,1.78,22.53,1.5,21.35,1.48,36.09,1.53,25.98,1.24,T
17.89,1.44,19.26,1.1,17.62,1.34,29.81,1.24,21.69,1.05,SO
12.95,1.16,14.09,1.03,13.03,1.03,22.13,0.96,15.19,1.02,SO
26.09,2.17,28.99,1.77,27.74,2.15,46.64,2.04,32.85,1.81,SO
20.95,1.89,24.12,1.66,21.24,1.84,36.71,1.53,25.99,1.23,T
21.53,1.91,25.3,1.67,20.8,1.65,34.08,1.33,23.86,1.27,SO
23.27,2.0,24.8,1.83,26.04,1.79,41.91,1.67,29.76,1.39,SO
18.97,1.58,21.26,1.4,21.5,1.55,36.52,1.52,25.04,1.47,SO
15.99,1.35,18.32,1.13,15.84,1.19,30.05,1.23,22.94,1.08,SO
15.62,1.28,18.52,1.06,15.75,1.17,28.63,1.03,21.39,0.88,SO
16.8,1.58,19.77,1.39,16.86,1.29,29.75,1.18,21.77,1.04,T
15.55,1.48,18.93,1.3,17.58,1.23,31.65,1.14,24.12,0.98,SO
22.84,2.21,27.7,2.06,22.13,1.72,34.6,1.69,25.08,1.39,SO
23.32,2.06,27.9,1.84,22.49,1.66,34.77,1.42,23.05,1.18,SO
30.28,2.89,35.37,2.15,31.09,2.51,53.36,2.31,39.52,1.69,T
28.1,2.44,32.5,2.19,29.68,2.33,50.47,2.21,37.98,1.79,SO
28.66,2.48,33.24,2.02,29.33,2.26,50.64,2.05,35.99,1.85,SO
36.36,3.31,40.51,2.56,37.52,2.85,53.96,2.63,42.71,2.41,SO
37.05,3.48,41.41,2.91,37.37,3.14,61.65,2.89,44.72,2.24,SO
20.41,1.82,22.66,1.71,18.14,1.52,29.3,1.21,20.29,1.15,T
29.61,2.41,33.93,2.02,30.79,2.19,51.64,2.01,37.33,1.78,SO
25.78,2.21,28.16,1.84,23.29,1.75,42.34,1.58,30.39,1.34,SO
28.14,2.35,30.63,1.86,28.49,2.18,49.07,2.07,34.64,1.78,SO
26.71,2.32,31.71,1.9,25.11,2.23,47.91,2.08,48.35,1.95,SO
24.03,2.37,29.26,1.94,22.58,1.88,37.13,1.73,25.39,1.43,SO
24.56,2.25,28.53,1.94,23.13,1.86,38.27,1.62,26.68,1.95,T
23.88,2.4,29.16,1.74,22.84,2.02,37.24,1.54,26.15,1.32,SO
25.36,2.36,28.04,1.68,22.76,1.77,35.58,1.42,24.61,1.63,SO
21.04,2.12,26.27,1.81,18.54,1.39,29.5,1.39,19.9,1.11,SO
20.97,2.16,26.27,1.85,18.89,1.36,31.01,1.23,20.28,1.11,SO
21.31,2.24,26.66,1.87,18.99,1.64,30.64,1.43,20.76,1.18,SO
29.18,2.39,34.32,2.04,27.66,2.09,49.66,1.96,36.26,1.7,SO
24.43,2.08,25.98,1.84,23.77,1.78,39.14,1.9,27.92,1.48,T
25.4,1.84,24.18,1.73,24.02,1.94,38.97,1.54,27.26,1.48,SO
22.26,1.77,24.58,1.67,21.28,1.68,36.06,1.43,24.14,1.41,SO
18.12,1.61,22.32,1.38,16.42,1.13,26.64,1.1,17.74,0.98,SO
22.14,1.91,25.71,1.74,20.6,1.67,35.44,1.42,23.86,1.92,SO
15.46,1.46,19.12,1.36,14.75,1.18,26.25,1.22,17.9,1.12,SO
17.13,1.49,20.38,1.33,15.24,1.16,27.96,1.2,20.1,1.24,T
15.97,1.47,19.91,1.32,15.11,1.24,25.99,1.14,18.36,1.4,SO
16.5,1.46,19.44,1.42,15.58,1.21,26.21,1.17,18.45,1.14,SO
21.82,2.0,26.73,1.77,17.53,1.59,25.82,1.39,18.79,1.37,SO
22.13,2.1,26.53,1.78,17.83,1.63,26.12,1.52,18.74,1.2,SO
21.46,1.97,25.44,1.73,17.77,1.71,27.01,1.56,19.06,1.26,SO
21.07,2.0,25.36,1.7,17.66,1.72,26.28,1.35,19.43,1.36,T
38.66,3.83,43.71,3.02,40.05,3.51,64.97,2.95,47.69,2.57,SO
37.71,3.55,42.47,2.89,38.12,3.13,62.45,3.06,46.41,2.42,SO
41.19,3.78,43.24,2.91,39.61,3.15,64.68,2.99,46.74,2.54,SO
21.68,1.93,24.84,1.86,20.85,1.78,35.22,1.57,24.11,1.51,SO
18.69,1.75,22.76,1.57,16.75,1.3,26.6,1.05,18.0,0.92,SO
20.36,1.91,21.92,1.54,21.56,1.81,36.81,1.56,26.31,1.27,SO
27.9,2.51,31.56,2.07,24.08,2.28,45.9,2.09,34.98,1.6,SO
21.88,2.02,25.45,1.68,21.64,1.73,37.26,1.38,26.0,1.24,SO
18.94,1.83,22.95,1.69,17.25,1.25,28.59,1.16,18.86,0.97,SO
23.99,2.19,28.88,1.96,23.16,1.75,38.98,1.83,27.21,1.43,SO
32.31,3.0,39.03,2.73,29.51,2.39,51.04,2.4,36.11,2.03,SO
32.08,2.7,38.3,2.63,28.76,2.21,49.85,1.99,35.29,1.73,SO
31.14,2.87,37.34,2.81,28.44,2.31,48.65,2.3,33.98,1.97,SO
30.1,2.49,34.69,2.26,28.74,2.08,49.08,2.1,36.09,1.88,SO
29.38,2.44,29.84,2.44,28.95,2.13,47.18,2.19,31.46,1.88,SO
30.26,2.54,34.8,2.09,29.66,2.2,48.67,2.16,34.77,2.0,SO
24.67,1.9,27.06,2.1,24.7,1.86,39.72,1.99,27.22,1.7,SO
25.57,2.18,29.05,2.15,25.24,1.91,40.9,1.83,28.05,2.0,SO
26.32,2.34,30.17,2.18,24.74,1.91,41.6,1.77,28.98,1.88,SO
22.25,1.92,25.93,1.61,22.15,1.66,38.48,1.46,26.74,1.23,SO
26.23,2.3,30.53,2.15,24.85,1.96,41.33,1.71,29.01,1.77,SO
26.75,2.39,30.48,1.97,23.11,2.08,44.2,1.79,34.47,1.58,SO
27.06,2.5,30.28,2.1,23.96,2.24,46.02,1.76,33.91,1.76,SO
19.0,1.68,24.0,1.45,14.86,1.23,27.19,1.01,20.05,0.86,SO
19.34,1.69,24.89,1.51,15.29,1.28,28.63,1.22,21.95,0.94,SO
26.49,2.38,30.38,2.04,22.99,2.14,42.19,1.87,33.71,1.46,SO
21.85,2.06,25.9,1.75,20.86,1.72,34.26,1.43,23.25,1.18,SO
20.8,1.95,23.44,1.6,20.67,1.45,35.52,1.45,25.41,1.36,SO
20.62,1.87,23.45,1.75,20.96,1.68,34.64,1.76,24.8,1.46,T
22.35,2.01,25.13,1.85,21.98,1.69,36.5,1.71,26.42,1.52,T
20.19,1.85,26.41,1.53,15.71,1.29,29.66,1.15,21.9,1.05,T
79.73,5.94,67.39,4.5,42.07,3.41,71.26,3.56,37.22,3.64,T
61.92,4.78,50.46,3.47,49.52,4.41,56.95,2.73,29.07,2.83,T
62.8,4.84,52.09,3.73,33.95,2.72,56.27,2.96,31.88,3.13,T
77.65,5.7,65.76,4.77,40.04,3.52,69.17,3.4,35.78,3.41,T
79.97,6.37,69.26,5.28,43.07,3.9,75.35,4.04,38.31,3.34,T
88.91,6.63,80.53,5.59,47.04,4.3,80.22,4.51,41.5,4.01,T
127.03,6.18,102.53,5.64,36.52,4.89,150.0,6.78,67.27,3.06,T
64.72,4.04,61.4,3.13,32.83,2.48,64.58,2.65,31.12,2.14,T
106.02,4.47,95.79,4.33,41.96,4.8,129.59,6.94,70.29,3.35,T
108.62,5.04,97.7,4.66,45.08,5.78,128.0,7.14,65.48,4.25,T
272.0,14.86,320.0,10.42,91.6,9.71,132.0,10.23,81.77,8.91,T
185.0,12.47,242.0,9.8,52.39,7.5,68.01,4.66,19.44,7.21,SW
183.0,11.37,280.0,9.22,52.34,7.24,68.09,4.61,20.08,6.41,SW
179.0,11.16,222.0,8.57,47.51,6.39,65.18,4.51,19.67,6.64,SW
185.0,10.91,235.0,8.02,51.0,6.71,68.67,4.24,20.14,6.3,SW
210.0,13.03,278.0,10.74,56.87,8.03,76.66,5.2,22.54,7.16,SW
188.0,11.35,250.0,9.64,52.49,7.6,69.06,5.13,19.52,6.51,SW
175.0,10.69,228.0,8.65,47.13,6.16,64.53,4.41,18.42,3.65,SW
75.05,12.55,44.05,8.62,75.31,6.76,112.6,7.22,34.31,14.09,SW
72.5,14.78,45.83,10.33,77.02,7.76,128.75,6.49,32.48,13.82,SW
41.13,6.71,31.0,7.73,49.51,4.69,71.94,4.54,22.46,9.45,SW
46.2,7.06,32.73,8.58,52.15,5.11,75.99,4.77,23.24,10.24,SW
47.51,7.23,32.49,8.26,50.29,5.0,75.2,4.95,22.51,10.73,SW
71.65,3.37,66.11,2.77,36.98,3.06,77.11,3.94,38.04,2.83,SW
70.73,3.69,65.19,2.93,32.52,3.54,80.42,4.36,43.7,2.28,SW
63.62,3.42,59.0,2.75,30.16,2.92,74.66,4.38,39.26,1.97,SW
110.33,5.86,97.1,4.6,43.82,5.73,126.0,7.86,64.17,3.84,SW
113.84,4.8,100.71,4.39,43.95,5.08,133.27,7.41,70.91,2.69,SW
69.12,4.35,65.47,3.65,36.4,2.81,67.5,2.63,33.16,2.23,SW
143.0,6.94,143.86,5.47,47.68,4.44,108.1,5.31,63.04,3.82,SW
154.3,7.46,154.66,6.09,51.08,5.27,112.75,5.36,65.16,4.07,SW
80.67,4.95,86.34,3.69,32.17,2.46,69.98,2.74,38.78,2.08,SW
75.64,4.95,80.36,3.96,30.64,2.55,67.93,2.67,37.08,2.17,SW
107.54,3.72,69.91,2.99,26.22,1.67,52.11,2.26,30.41,1.6,SW
69.07,3.77,66.78,3.31,28.2,1.96,53.12,1.73,30.78,1.69,SW
102.5,5.52,106.44,4.41,70.42,2.75,70.44,2.79,39.97,2.7,SW
99.98,5.3,109.14,4.58,37.64,2.64,72.22,3.09,40.13,2.59,SW
71.87,3.64,74.09,3.26,23.99,1.53,50.34,2.02,28.1,1.9,SW
102.84,5.62,103.35,4.48,38.5,3.11,75.24,3.17,42.59,2.82,SW
107.11,5.39,110.2,5.02,40.32,2.85,81.56,3.41,44.32,2.65,SW
67.76,3.46,69.31,2.9,24.71,1.75,50.78,2.28,26.89,1.7,SW
65.41,3.51,68.34,3.06,24.25,1.67,48.64,1.64,27.8,1.95,SW
66.76,3.24,67.68,2.94,24.52,1.47,51.58,1.56,29.81,1.33,SW
67.29,3.43,68.25,2.89,24.16,1.59,49.76,2.06,26.91,1.47,SW
99.97,5.45,107.65,4.56,35.2,2.73,69.24,2.91,39.53,2.98,SW
68.2,3.47,70.85,3.04,24.56,1.65,51.14,1.8,29.83,2.07,SW
67.85,3.54,72.01,3.12,23.93,1.6,49.96,1.83,28.86,1.75,SW
107.46,4.41,109.91,3.82,35.85,2.81,75.88,3.47,49.31,3.05,SW
80.4,4.93,85.66,3.95,32.5,2.68,70.27,2.58,39.47,2.08,SW
109.4,4.35,109.57,3.74,34.86,2.95,76.5,3.26,46.97,2.68,SW
89.18,4.46,92.1,3.79,28.39,2.28,57.5,2.39,31.64,2.36,SW
89.29,4.81,97.72,4.16,29.66,2.25,57.79,2.49,34.1,2.64,SW
38.04,2.07,36.66,1.71,14.82,1.0,35.16,0.97,22.66,0.9,SW
105.72,4.17,95.49,4.03,41.66,4.5,129.29,6.64,69.99,3.05,SW
26.33,1.33,26.89,1.42,11.91,0.72,31.26,0.77,21.32,0.53,SW
26.51,1.36,26.18,1.21,12.24,0.67,31.25,0.71,20.87,0.58,SW
44.96,2.99,36.43,2.8,24.91,1.8,48.79,2.08,27.23,1.73,SW
43.15,2.9,33.89,2.92,23.53,1.88,47.8,1.79,25.94,1.62,SW
99.15,4.62,93.25,3.77,40.75,3.12,86.32,3.31,46.14,2.69,SW
106.64,5.42,104.27,4.07,44.69,3.32,93.54,3.83,50.87,3.03,SW
108.95,5.67,104.48,4.5,48.12,3.75,93.93,4.06,51.71,3.18,SW
106.95,5.83,104.87,4.51,45.15,4.04,92.01,4.23,47.96,2.92,SW
52.82,2.7,52.44,2.5,22.49,1.65,51.94,1.84,30.61,1.43,SW
53.89,2.86,53.98,2.91,22.78,1.68,53.4,1.74,30.99,1.26,SW
64.42,3.74,61.1,2.83,32.53,2.18,64.28,2.35,30.82,1.84,SW
68.82,4.05,65.17,3.35,36.1,2.51,67.2,2.33,32.86,1.93,SW
142.7,6.64,143.56,5.17,47.38,4.14,107.8,5.01,62.74,3.52,SW
154.0,7.16,154.36,5.79,50.78,4.97,112.45,5.06,64.86,3.77,SW
90.19,4.4,96.72,3.81,29.67,2.23,58.53,2.37,34.02,2.45,SW
88.7,4.5,93.6,3.66,31.67,2.47,62.36,2.43,36.19,2.93,SW
34.08,1.58,34.81,1.41,14.05,0.87,37.17,0.99,25.15,0.83,SW
100.39,4.5,100.98,3.83,36.06,3.06,85.32,3.9,52.24,2.73,SW
69.74,4.44,60.96,3.67,27.82,2.68,70.81,3.14,39.93,1.61,SW
67.06,3.54,67.98,3.24,24.82,1.77,51.88,1.86,30.11,1.63,SW
65.71,3.81,68.64,3.36,24.55,1.97,48.94,1.94,28.1,2.25,SW
68.06,3.76,69.61,3.2,25.01,2.05,51.08,2.58,27.19,2.0,SW
107.41,5.69,110.5,5.32,40.62,3.15,81.86,3.71,44.62,2.95,SW
103.14,5.92,103.65,4.78,38.8,3.41,75.54,3.47,42.89,3.12,T
72.17,3.94,74.39,3.56,24.29,1.83,50.64,2.32,28.4,2.2,SW
100.28,5.6,109.44,4.88,37.94,2.94,72.52,3.39,40.43,2.89,SW
102.8,5.82,106.74,4.71,70.72,3.05,70.74,3.09,40.27,3.0,SW
69.37,4.07,67.08,3.61,28.5,2.26,53.42,2.03,31.08,1.99,SW
107.84,4.02,70.21,3.29,26.52,1.97,52.41,2.56,30.71,1.9,SW
75.94,5.25,80.66,4.26,30.94,2.85,68.23,2.97,37.38,2.47,SW
80.97,5.25,86.64,3.99,32.47,2.76,70.28,3.04,39.08,2.38,T
80.7,5.23,85.96,4.25,32.8,2.98,70.57,2.88,39.77,2.38,SW
89.48,4.76,92.4,4.09,28.69,2.58,57.8,2.69,31.94,2.66,SW
89.0,4.8,93.9,3.96,31.97,2.77,62.66,2.73,36.49,3.23,SW
89.59,5.11,98.02,4.46,29.96,2.55,58.09,2.79,34.4,2.94,T
90.49,4.7,97.02,4.11,29.97,2.53,58.83,2.67,34.32,2.75,SW
67.59,3.73,68.55,3.19,24.46,1.89,50.06,2.36,27.21,1.77,SW
99.78,4.77,100.51,3.74,36.85,3.47,87.25,3.66,52.61,2.52,SW
100.27,5.75,107.95,4.86,35.5,3.03,69.54,3.21,39.83,3.28,T
68.15,3.84,72.31,3.42,24.23,1.9,50.26,2.13,29.16,2.05,SW
75.65,5.12,65.86,3.86,30.41,2.8,78.64,3.26,44.52,1.92,SW
105.93,6.52,103.72,4.77,39.76,4.66,105.04,4.69,56.97,2.9,SW
104.89,6.8,96.55,5.13,37.31,4.13,101.74,4.6,54.48,2.53,SW
76.19,5.06,68.76,3.72,29.77,2.73,72.11,3.41,42.81,1.78,SW
65.36,3.49,60.76,3.05,24.65,2.14,63.46,2.42,39.89,1.59,SW
98.43,6.18,91.39,5.01,35.04,3.72,92.06,4.16,50.23,2.39,SW
98.73,6.48,91.69,5.31,35.34,4.02,92.36,4.46,50.53,2.69,SW
65.66,3.79,61.06,3.35,24.95,2.44,63.76,2.72,40.19,1.89,SW
76.49,5.36,69.06,4.02,30.07,3.03,72.41,3.71,43.11,2.08,SW
105.19,7.1,96.85,5.43,37.61,4.43,102.04,4.9,54.78,2.83,SW
106.23,6.82,104.02,5.07,40.06,4.96,105.34,4.99,57.27,3.2,SW
75.95,5.42,66.16,4.16,30.71,3.1,78.94,3.56,44.82,2.22,SW
70.04,4.74,61.26,3.97,28.12,2.98,71.11,3.44,40.23,1.91,SW
100.08,5.07,100.81,4.04,37.15,3.77,87.55,3.96,52.91,2.82,SW
100.69,4.8,101.28,4.13,36.36,3.36,85.62,4.2,52.54,3.03,SW
109.7,4.65,109.87,4.04,35.16,3.25,76.8,3.56,47.27,2.98,SW
107.76,4.71,110.21,4.12,36.15,3.11,76.18,3.77,49.61,3.35,SW
68.5,3.77,71.15,3.34,24.86,1.95,51.44,2.1,30.13,2.37,SW
126.73,5.88,102.23,5.34,36.22,4.59,149.7,6.48,66.97,2.76,SW
131.7,7.97,141.7,5.38,55.65,6.15,116.84,7.6,61.41,5.72,SW
134.93,5.92,108.48,5.53,37.69,4.83,156.7,6.88,72.14,3.23,SW
65.02,4.34,61.7,3.43,33.13,2.78,64.88,2.95,31.42,2.44,SW
54.49,3.46,54.58,3.51,23.38,2.28,54.0,2.34,31.59,1.86,SW
53.42,3.3,53.04,3.1,23.09,2.25,52.54,2.44,31.21,2.03,SW
107.55,6.43,105.47,5.11,45.75,4.64,92.61,4.83,48.56,3.52,SW
109.55,6.27,105.08,5.1,48.72,4.35,94.53,4.66,52.31,3.78,SW
107.24,6.02,104.87,4.67,45.29,3.92,94.14,4.43,51.47,3.63,SW
99.75,5.22,93.85,4.37,41.35,3.72,86.92,3.91,46.74,3.29,SW
43.75,3.5,34.49,3.52,24.13,2.48,48.4,2.39,26.54,2.22,SW
45.56,3.59,37.03,3.4,25.51,2.4,49.39,2.68,27.83,2.33,SW
27.11,1.96,26.78,1.81,12.84,1.27,31.85,1.31,21.47,1.18,SW
26.93,1.93,27.49,2.02,12.51,1.32,31.86,1.37,21.92,1.13,SW
41.51,2.8,43.4,2.73,18.5,1.74,44.99,1.88,31.12,1.66,SW
38.64,2.67,37.26,2.31,15.42,1.6,35.76,1.57,23.26,1.5,SW
32.77,2.24,32.04,2.08,14.67,1.53,33.59,1.47,21.09,1.39,SW
34.68,2.18,35.41,2.01,14.65,1.47,37.77,1.59,25.75,1.43,SW
86.53,4.83,83.61,4.0,39.2,3.46,83.56,3.94,46.34,3.06,SW
83.75,4.73,81.89,4.3,38.46,3.54,79.4,3.4,44.61,3.12,SW
36.8,2.76,34.72,2.55,18.1,1.89,42.8,1.78,25.83,1.61,SW
30.41,2.84,29.02,2.64,20.96,2.47,58.19,2.68,35.05,2.82,SW
23.97,2.22,21.05,2.12,16.46,1.98,45.66,1.88,31.93,2.13,SW
300.3,12.78,300.3,8.95,84.35,8.83,178.3,9.91,99.31,7.85,SW
250.3,11.58,247.8,7.8,69.34,6.5,156.3,7.49,83.66,6.43,SW
420.3,18.14,422.3,12.02,110.84,10.29,237.3,11.33,128.65,9.23,SW
250.3,12.21,252.3,8.61,73.34,7.67,160.3,8.77,82.76,7.34,SW
310.3,14.7,315.3,9.81,89.07,8.4,180.3,9.75,96.43,7.99,SW
29.28,3.04,36.67,2.59,28.71,2.79,51.19,2.49,32.37,2.33,SW
24.41,2.63,28.35,2.19,22.38,2.35,40.43,1.98,24.03,2.07,SW
22.93,2.78,27.54,2.33,21.34,2.32,37.99,2.12,22.21,2.02,SW
175.3,9.42,201.3,7.54,55.51,6.38,74.68,5.73,39.92,8.17,SW
69.42,4.65,65.77,3.95,36.7,3.11,67.8,2.93,33.46,2.53,SW
143.3,7.24,144.16,5.77,47.98,4.74,108.4,5.61,63.34,4.12,SW
154.6,7.76,154.96,6.39,51.38,5.57,113.05,5.66,65.46,4.37,SW
90.79,5.0,97.32,4.41,30.27,2.83,59.13,2.97,34.62,3.05,SW
100.58,5.9,109.74,5.18,38.24,3.24,72.82,3.69,40.73,3.19,SW
72.47,4.24,74.69,3.86,24.59,2.13,50.94,2.62,28.7,2.5,SW
103.44,6.22,103.95,5.08,39.1,3.71,75.84,3.77,43.19,3.42,SW
107.71,5.99,110.8,5.62,40.92,3.45,82.16,4.01,44.92,3.25,SW
68.36,4.06,69.91,3.5,25.31,2.35,51.38,2.88,27.49,2.3,SW
66.01,4.11,68.94,3.66,24.85,2.27,49.24,2.24,28.4,2.55,SW
67.36,3.84,68.28,3.54,25.12,2.07,52.18,2.16,30.41,1.93,SW
67.89,4.03,68.85,3.49,24.76,2.19,50.36,2.66,27.51,2.07,SW
100.57,6.05,108.25,5.16,35.8,3.33,69.84,3.51,40.13,3.58,SW
68.8,4.07,71.45,3.64,25.16,2.25,51.74,2.4,30.43,2.67,SW
68.45,4.14,72.61,3.72,24.53,2.2,50.56,2.43,29.46,2.35,SW
108.06,5.01,110.51,4.42,36.45,3.41,76.48,4.07,49.91,3.65,SW
110.0,4.95,110.17,4.34,35.46,3.55,77.1,3.86,47.57,3.28,SW
100.99,5.1,101.58,4.43,36.66,3.66,85.92,4.5,52.84,3.33,SW
161.3,8.52,181.3,7.02,50.13,5.66,69.34,5.48,37.61,7.74,SW
100.38,5.37,101.11,4.34,37.45,4.07,87.85,4.26,53.21,3.12,SW
76.25,5.72,66.46,4.46,31.01,3.4,79.24,3.86,45.12,2.52,SW
106.53,7.12,104.32,5.37,40.36,5.26,105.64,5.29,57.57,3.5,SW
105.49,7.4,97.15,5.73,37.91,4.73,102.34,5.2,55.08,3.13,SW
76.79,5.66,69.36,4.32,30.37,3.33,72.71,4.01,43.41,2.38,SW
65.96,4.09,61.36,3.65,25.25,2.74,64.06,3.02,40.49,2.19,SW
99.03,6.78,91.99,5.61,35.64,4.32,92.66,4.76,50.83,2.99,SW
108.14,4.32,70.51,3.59,26.82,2.27,52.71,2.86,31.01,2.2,SW
76.24,5.55,80.96,4.56,31.24,3.15,68.53,3.27,37.68,2.77,SW
81.27,5.55,86.94,4.29,32.77,3.06,70.58,3.34,39.38,2.68,SW
81.0,5.53,86.26,4.55,33.1,3.28,70.87,3.18,40.07,2.68,SW
89.78,5.06,92.7,4.39,28.99,2.88,58.1,2.99,32.24,2.96,SW
89.3,5.1,94.2,4.26,32.27,3.07,62.96,3.03,36.79,3.53,SW
124.23,5.71,100.07,5.52,34.24,5.13,144.7,6.82,65.62,2.98,SW
89.89,5.41,98.32,4.76,30.26,2.85,58.39,3.09,34.7,3.24,SW
70.34,5.04,61.56,4.27,28.42,3.28,71.41,3.74,40.53,2.21,SW
171.3,8.69,187.3,6.98,58.97,7.0,87.87,6.64,50.74,8.71,SW
80.78,6.68,72.01,4.88,41.81,3.7,5.5,4.03,38.7,3.84,SW
182.3,9.44,196.3,7.71,60.78,7.06,91.3,6.85,57.54,8.53,SW
164.7,11.15,155.7,8.38,79.95,7.55,142.7,7.95,86.31,6.33,SW
144.7,10.12,143.7,6.75,70.66,7.14,119.7,7.01,78.37,6.04,SW
117.9,7.52,116.34,5.83,59.03,5.15,109.7,5.28,61.32,4.07,SW
86.68,5.38,74.22,4.25,44.16,3.48,75.72,3.51,37.64,3.51,SW
79.43,5.64,67.09,4.2,41.77,3.11,70.96,3.26,36.92,3.34,SW
61.62,4.48,50.16,3.17,49.22,4.11,56.65,2.43,28.77,2.53,SW
62.5,4.54,51.79,3.43,33.65,2.42,55.97,2.66,31.58,2.83,SW
79.67,6.07,68.96,4.98,42.77,3.6,75.05,3.74,38.01,3.04,SW
88.61,6.33,80.23,5.29,46.74,4.0,79.92,4.21,41.2,3.71,SW
80.48,6.38,71.71,4.58,41.51,3.4,5.2,3.73,38.4,3.54,SW
81.08,6.98,72.31,5.18,42.11,4.0,5.8,4.33,39.0,4.14,SW
89.21,6.93,80.83,5.89,47.34,4.6,80.52,4.81,41.8,4.31,SW
80.27,6.67,69.56,5.58,43.37,4.2,75.65,4.34,38.61,3.64,SW
77.95,6.0,66.06,5.07,40.34,3.82,69.47,3.7,36.08,3.71,SW
185.7,9.53,151.7,8.46,55.72,6.72,184.7,7.77,90.5,4.29,SW
63.1,5.14,52.39,4.03,34.25,3.02,56.57,3.26,32.18,3.43,SW
127.33,6.48,102.83,5.94,36.82,5.19,150.3,7.08,67.57,3.36,SW
124.83,6.31,100.67,6.12,34.84,5.73,145.3,7.42,66.22,3.58,SW
135.53,6.52,109.08,6.13,38.29,5.43,157.3,7.48,72.74,3.83,SW
140.89,6.89,116.27,6.11,40.05,5.91,166.3,8.13,75.16,3.82,SW
149.49,7.28,121.78,6.51,43.63,5.69,155.3,6.91,75.95,3.66,SW
149.21,7.08,121.65,6.8,44.59,6.63,155.3,6.98,74.01,4.54,SW
172.3,8.74,142.3,8.73,52.48,6.98,180.3,9.92,82.88,5.8,SW
80.03,6.24,67.69,4.8,42.37,3.71,71.56,3.86,37.52,3.94,SW
87.28,5.98,74.82,4.85,44.76,4.08,76.32,4.11,38.24,4.11,SW
118.5,8.12,116.94,6.43,59.63,5.75,110.3,5.88,61.92,4.67,SW
145.3,10.72,144.3,7.35,71.26,7.74,120.3,7.61,78.97,6.64,SW
165.3,11.75,156.3,8.98,80.55,8.15,143.3,8.55,86.91,6.93,SW
186.3,10.13,152.3,9.06,56.32,7.32,185.3,8.37,91.1,4.89,SW
150.3,8.35,167.3,6.96,53.28,6.2,78.52,5.92,46.35,8.27,SW
62.22,5.08,50.76,3.77,49.82,4.71,57.25,3.03,29.37,3.13,SW
171.7,8.14,141.7,8.13,51.88,6.38,179.7,9.32,82.28,5.2,SW
77.35,5.4,65.46,4.47,39.74,3.22,68.87,3.1,35.48,3.11,SW
148.89,6.68,121.18,5.91,43.03,5.09,154.7,6.31,75.35,3.06,SW
100.35,6.66,108.1,6.13,37.09,3.49,55.27,3.68,28.08,5.37,SW
100.92,6.9,110.3,6.1,36.41,3.23,55.4,3.49,29.11,5.12,SW
147.3,8.74,155.3,6.2,58.71,7.17,109.27,7.93,63.7,7.0,SW
156.3,8.68,167.3,6.32,59.6,7.19,112.3,8.03,66.62,7.21,SW
127.69,7.11,131.3,5.13,49.99,5.34,88.23,6.4,53.18,5.4,SW
109.14,7.28,116.3,4.81,49.11,5.61,88.02,7.41,47.76,5.23,SW
132.3,8.57,142.3,5.98,56.25,6.75,117.44,8.2,62.01,6.32,SW
148.61,6.48,121.05,6.2,43.99,6.03,154.7,6.38,73.41,3.94,SW
270.3,14.55,310.3,11.2,86.5,10.26,126.06,9.93,79.48,10.35,SW
272.3,15.16,320.3,10.72,91.9,10.01,132.3,10.53,82.07,9.21,SW
185.3,12.77,242.3,10.1,52.69,7.8,68.31,4.96,19.74,7.51,SW
183.3,11.67,280.3,9.52,52.64,7.54,68.39,4.91,20.38,6.71,SW
179.3,11.46,222.3,8.87,47.81,6.69,65.48,4.81,19.97,6.94,SW
185.3,11.21,235.3,8.32,51.3,7.01,68.97,4.54,20.44,6.6,SW
210.3,13.33,278.3,11.04,57.17,8.33,76.96,5.5,22.84,7.46,SW
177.3,9.51,193.3,7.78,58.8,7.32,91.01,6.99,56.07,9.09,SW
175.3,10.99,228.3,8.95,47.43,6.46,64.83,4.71,18.72,3.95,SW
140.29,6.29,115.67,5.51,39.45,5.31,165.7,7.53,74.56,3.22,SW
106.32,4.77,96.09,4.63,42.26,5.1,129.89,7.24,70.59,3.65,SW
114.14,5.1,101.01,4.69,44.25,5.38,133.57,7.71,71.21,2.99,SW
108.92,5.34,98.0,4.96,45.38,6.08,128.3,7.44,65.78,4.55,SW
110.63,6.16,97.4,4.9,44.12,6.03,126.3,8.16,64.47,4.14,SW
63.92,3.72,59.3,3.05,30.46,3.22,74.96,4.68,39.56,2.27,SW
188.3,11.65,250.3,9.94,52.79,7.9,69.36,5.43,19.82,6.81,SW
71.03,3.99,65.49,3.23,32.82,3.84,80.72,4.66,44.0,2.58,SW
71.95,3.67,66.41,3.07,37.28,3.36,77.41,4.24,38.34,3.13,SW
47.81,7.53,32.79,8.56,50.59,5.3,75.5,5.25,22.81,11.03,SW
46.5,7.36,33.03,8.88,52.45,5.41,76.29,5.07,23.54,10.54,SW
41.43,7.01,31.3,8.03,49.81,4.99,72.24,4.84,22.76,9.75,SW
72.8,15.08,46.13,10.63,77.32,8.06,129.05,6.79,32.78,14.12,SW
75.35,12.85,44.35,8.92,75.61,7.06,112.9,7.52,34.61,14.39,SW
32.02,2.99,27.7,2.38,38.27,2.64,53.33,2.71,31.0,2.45,T
30.97,3.65,36.47,2.96,28.03,2.21,37.41,1.99,21.11,2.25,T
30.31,3.36,34.83,2.49,26.36,2.17,34.16,1.88,18.72,2.03,T
31.26,3.6,35.24,2.91,28.62,2.42,39.04,2.32,21.88,2.27,T
32.34,3.17,29.05,2.36,39.64,2.7,55.36,2.51,37.08,2.22,T
39.64,4.07,37.32,2.98,45.5,3.42,64.45,3.37,37.77,2.86,T
32.11,3.47,28.48,2.62,39.55,3.31,56.16,3.0,31.74,2.49,T
32.61,2.98,28.37,2.49,37.47,2.61,48.92,2.39,28.46,2.34,T
34.63,3.1,26.87,2.35,40.87,3.05,53.98,2.79,31.59,2.63,T
32.28,3.34,28.79,2.45,38.46,2.82,52.93,2.5,30.97,2.48,T
55.62,4.79,52.09,4.26,64.8,5.74,86.17,4.76,49.37,4.25,T
32.68,3.26,29.02,2.36,39.38,2.72,56.45,2.5,32.56,2.49,T
34.24,3.39,30.65,2.63,40.41,2.92,53.77,2.72,32.24,2.67,T
118.75,11.9,104.68,4.77,108.85,10.29,183.0,9.69,134.0,7.96,T
127.0,13.79,123.27,9.42,117.07,11.64,189.0,10.03,128.5,8.19,T
39.34,3.77,37.02,2.68,45.2,3.12,64.15,3.07,37.47,2.56,T
37.69,4.18,43.3,3.38,35.0,2.87,49.15,2.37,26.33,2.51,T
30.88,3.32,26.93,2.41,38.19,2.82,53.59,2.62,30.02,2.39,T
35.74,3.91,39.2,2.93,33.01,2.65,42.8,2.18,24.85,2.34,T
36.04,4.21,39.5,3.23,33.31,2.95,43.1,2.48,25.15,2.64,T
20.25,2.35,25.14,1.76,20.17,1.37,27.67,1.41,15.68,1.55,T
44.27,4.94,51.37,4.1,39.06,3.48,55.97,3.18,30.71,3.13,T
44.88,6.06,53.06,5.14,40.77,4.06,56.72,3.61,31.62,3.64,T
20.55,2.65,25.44,2.06,20.47,1.67,27.97,1.71,15.98,1.85,T
49.0,5.76,57.69,4.03,42.86,3.37,52.72,3.15,27.53,3.33,T
126.7,13.49,122.97,9.12,116.77,11.34,188.7,9.73,128.2,7.89,T
37.99,4.48,43.6,3.68,35.3,3.17,49.45,2.67,26.63,2.81,T
31.56,3.9,35.54,3.21,28.92,2.72,39.34,2.62,22.18,2.57,T
31.27,3.95,36.77,3.26,28.33,2.51,37.71,2.29,21.41,2.55,T
30.61,3.66,35.13,2.79,26.66,2.47,34.46,2.18,19.02,2.33,T
32.32,3.29,28.0,2.68,38.57,2.94,53.63,3.01,31.3,2.75,T
32.64,3.47,29.35,2.66,39.94,3.0,55.66,2.81,37.38,2.52,T
31.18,3.62,27.23,2.71,38.49,3.12,53.89,2.92,30.32,2.69,T
32.41,3.77,28.78,2.92,39.85,3.61,56.46,3.3,32.04,2.79,T
32.91,3.28,28.67,2.79,37.77,2.91,49.22,2.69,28.76,2.64,T
34.93,3.4,27.17,2.65,41.17,3.35,54.28,3.09,31.89,2.93,T
32.58,3.64,29.09,2.75,38.76,3.12,53.23,2.8,31.27,2.78,T
93.12,9.9,100.88,7.87,83.24,7.77,118.54,6.91,69.46,5.96,T
55.92,5.09,52.39,4.56,65.1,6.04,86.47,5.06,49.67,4.55,T
32.98,3.56,29.32,2.66,39.68,3.02,56.75,2.8,32.86,2.79,T
34.54,3.69,30.95,2.93,40.71,3.22,54.07,3.02,32.54,2.97,T
119.05,12.2,104.98,5.07,109.15,10.59,183.3,9.99,134.3,8.26,T
127.3,14.09,123.57,9.72,117.37,11.94,189.3,10.33,128.8,8.49,T
39.94,4.37,37.62,3.28,45.8,3.72,64.75,3.67,38.07,3.16,T
43.97,4.64,51.07,3.8,38.76,3.18,55.67,2.88,30.41,2.83,T
44.58,5.76,52.76,4.84,40.47,3.76,56.42,3.31,31.32,3.34,T
48.7,5.46,57.39,3.73,42.56,3.07,52.42,2.85,27.23,3.03,T
118.45,11.6,104.38,4.47,108.55,9.99,182.7,9.39,133.7,7.66,T
92.82,9.6,100.58,7.57,82.94,7.47,118.24,6.61,69.16,5.66,T
32.38,2.96,28.72,2.06,39.08,2.42,56.15,2.2,32.26,2.19,T
33.94,3.09,30.35,2.33,40.11,2.62,53.47,2.42,31.94,2.37,T
43.67,4.34,50.77,3.5,38.46,2.88,55.37,2.58,30.11,2.53,T
44.28,5.46,52.46,4.54,40.17,3.46,56.12,3.01,31.02,3.04,T
19.95,2.05,24.84,1.46,19.87,1.07,27.37,1.11,15.38,1.25,T
48.4,5.16,57.09,3.43,42.26,2.77,52.12,2.55,26.93,2.73,T
37.39,3.88,43.0,3.08,34.7,2.57,48.85,2.07,26.03,2.21,T
30.96,3.3,34.94,2.61,28.32,2.12,38.74,2.02,21.58,1.97,T
30.67,3.35,36.17,2.66,27.73,1.91,37.11,1.69,20.81,1.95,T
30.01,3.06,34.53,2.19,26.06,1.87,33.86,1.58,18.42,1.73,T
35.44,3.61,38.9,2.63,32.71,2.35,42.5,1.88,24.55,2.04,T
32.04,2.87,28.75,2.06,39.34,2.4,55.06,2.21,36.78,1.92,T
30.58,3.02,26.63,2.11,37.89,2.52,53.29,2.32,29.72,2.09,T
31.81,3.17,28.18,2.32,39.25,3.01,55.86,2.7,31.44,2.19,T
32.31,2.68,28.07,2.19,37.17,2.31,48.62,2.09,28.16,2.04,T
34.33,2.8,26.57,2.05,40.57,2.75,53.68,2.49,31.29,2.33,T
31.98,3.04,28.49,2.15,38.16,2.52,52.63,2.2,30.67,2.18,T
92.52,9.3,100.28,7.27,82.64,7.17,117.94,6.31,68.86,5.36,T
55.32,4.49,51.79,3.96,64.5,5.44,85.87,4.46,49.07,3.95,T
31.72,2.69,27.4,2.08,37.97,2.34,53.03,2.41,30.7,2.15,T
100.68,5.82,113.54,5.34,45.02,4.37,83.17,3.99,55.1,3.55,W
127.7,7.23,142.3,6.55,58.74,4.98,107.78,5.5,65.98,4.17,W
150.3,8.35,170.3,7.66,67.9,6.28,125.22,6.06,78.71,4.63,W
85.01,5.6,94.89,4.66,36.47,3.45,70.27,3.33,34.27,2.78,W
127.04,6.8,140.3,6.12,58.72,4.96,106.11,5.39,65.07,3.93,W
73.45,4.5,81.42,4.02,33.96,2.92,70.69,2.79,43.67,2.67,W
92.19,5.29,99.61,5.03,40.33,3.23,73.53,3.29,36.18,2.72,W
129.8,7.82,144.3,6.7,60.61,5.21,113.74,5.45,70.41,3.87,W
71.23,4.57,79.58,4.16,37.18,3.51,72.4,3.13,44.1,2.88,W
138.39,8.38,155.79,7.73,63.44,5.75,125.3,4.96,75.47,4.41,W
29.7,2.35,32.86,2.2,21.22,1.76,39.26,1.75,24.28,1.5,W
82.6,5.18,95.39,4.64,37.69,3.32,75.64,3.49,50.36,2.68,W
112.29,6.63,126.18,5.43,45.97,4.04,85.1,4.23,53.04,3.4,W
138.78,7.84,157.3,7.02,62.5,5.37,116.39,6.13,72.79,4.24,W
117.02,6.38,134.12,6.62,44.85,3.9,78.34,4.29,49.08,3.02,W
39.09,2.91,46.9,2.94,18.94,1.84,32.39,1.67,16.1,1.58,W
67.67,4.64,78.8,4.35,27.83,2.83,46.03,2.83,25.87,2.55,W
69.22,4.78,75.74,4.27,38.79,3.32,89.46,3.83,68.05,3.14,W
85.3,5.37,93.47,4.51,38.63,2.87,67.62,3.03,40.3,2.83,W
28.24,2.23,30.55,1.96,19.85,1.82,35.51,1.68,24.77,1.46,W
108.74,6.84,121.29,5.85,48.19,4.38,90.54,4.39,61.11,3.35,W
88.21,5.45,97.97,5.08,38.87,3.22,70.4,2.89,34.51,2.63,W
73.74,5.46,83.94,4.36,45.25,3.68,81.06,4.06,59.13,3.35,W
80.3,5.0,112.26,5.17,40.47,3.64,69.19,3.55,33.99,3.0,W
29.1,1.75,32.26,1.6,20.62,1.16,38.66,1.15,23.68,0.9,W
27.64,1.63,29.95,1.36,19.25,1.22,34.91,1.08,24.17,0.86,W
83.18,4.76,94.16,3.27,48.96,3.74,109.7,3.5,81.7,3.15,W
82.09,4.5,92.2,3.34,47.56,3.75,139.7,3.96,95.09,3.13,W
87.86,7.85,66.69,5.95,46.25,3.56,82.72,3.69,36.41,3.54,W
84.62,7.6,62.86,5.48,46.47,3.54,82.57,4.06,36.87,2.93,W
44.41,3.63,32.57,2.67,20.57,1.46,40.49,1.5,23.12,0.95,W
87.31,5.48,94.64,4.75,36.03,3.1,67.42,3.23,43.73,2.64,W
34.42,2.2,35.87,2.23,21.52,1.69,46.54,1.57,31.69,1.35,W
63.78,4.33,77.63,3.95,27.14,2.61,49.12,2.81,23.21,2.0,W
28.81,2.1,29.65,2.08,17.9,1.51,36.34,1.44,21.11,1.13,W
33.5,2.41,34.61,2.55,20.66,1.87,38.25,1.72,23.97,1.56,W
83.78,5.36,94.76,3.87,49.56,4.34,110.3,4.1,82.3,3.75,W
71.65,5.19,81.27,12.3,42.78,3.51,86.9,3.86,68.79,3.33,W
36.27,3.11,39.86,2.8,31.47,2.46,52.3,2.83,32.44,2.5,W
65.05,4.57,70.43,4.21,42.12,3.53,86.8,4.11,65.54,3.71,W
23.19,1.85,24.92,1.89,16.01,1.44,34.57,1.36,21.32,1.34,W
22.69,1.83,24.46,1.59,16.12,1.45,30.61,1.29,18.4,1.31,W
25.4,1.98,26.41,2.03,18.16,1.63,36.15,1.5,23.74,1.35,W
51.26,3.62,59.44,3.48,22.98,2.04,37.79,2.36,16.21,2.01,W
32.61,2.46,33.04,2.28,19.35,1.7,33.67,1.44,21.5,1.3,W
82.69,5.1,92.8,3.94,48.16,4.35,140.3,4.56,95.69,3.73,W
77.01,6.12,61.84,5.5,48.17,3.83,75.54,4.51,35.41,4.77,W
85.22,8.2,63.46,6.08,47.07,4.14,83.17,4.66,37.47,3.53,W
45.38,3.65,38.68,3.21,28.85,2.14,44.93,2.22,24.34,2.34,W
46.1,3.09,38.3,3.02,28.7,2.06,48.78,2.19,26.25,1.89,W
44.95,3.2,38.42,3.03,28.3,1.73,46.06,2.09,23.73,1.69,W
76.41,5.52,61.24,4.9,47.57,3.23,74.94,3.91,34.81,4.17,W
74.59,5.33,60.24,4.37,45.08,3.0,71.86,3.23,31.64,4.06,W
34.5,2.14,28.82,2.08,22.86,1.3,35.2,1.21,18.77,1.17,W
33.07,2.39,29.76,2.21,22.56,1.54,38.0,1.57,18.83,1.24,W
34.81,2.21,28.88,2.24,22.9,1.51,37.79,1.54,18.03,1.27,W
37.34,1.9,31.28,1.57,37.39,2.07,56.76,1.89,36.89,1.9,W
44.88,3.14,38.23,2.85,28.01,1.91,46.63,2.06,25.56,1.82,W
33.87,1.91,27.5,1.67,35.52,2.02,51.47,1.76,32.83,1.63,W
47.89,3.14,43.41,2.71,50.16,3.3,94.56,3.15,54.7,4.27,W
56.78,3.98,46.42,3.33,53.34,3.81,89.63,3.93,57.84,4.02,W
67.33,4.07,59.87,3.43,52.73,3.78,91.88,4.01,54.08,3.84,W
119.96,6.71,132.12,5.1,66.7,5.05,129.8,4.92,87.23,4.82,W
118.22,6.57,134.61,4.76,77.9,4.94,131.7,5.08,84.98,4.44,W
92.63,4.98,110.64,3.57,54.81,3.86,136.7,3.99,96.07,3.49,W
69.71,3.41,76.6,2.58,49.12,2.78,79.26,3.05,52.44,2.72,W
189.7,11.62,224.7,8.25,101.45,7.45,239.7,7.41,174.7,6.7,W
156.7,8.7,191.7,6.72,85.3,6.14,226.7,6.54,174.7,6.47,W
30.69,1.79,25.84,1.52,32.53,1.79,50.37,1.68,30.5,1.65,W
49.92,4.01,36.03,3.49,25.4,1.94,46.12,1.8,25.57,1.15,W
157.3,9.3,192.3,7.32,85.9,6.74,227.3,7.14,175.3,7.07,W
190.3,12.22,225.3,8.85,102.05,8.05,240.3,8.01,175.3,7.3,W
45.01,4.23,33.17,3.27,21.17,2.06,41.09,2.1,23.72,1.55,W
50.52,4.61,36.63,4.09,26.0,2.54,46.72,2.4,26.17,1.75,W
45.48,3.74,38.83,3.45,28.61,2.51,47.23,2.66,26.16,2.42,W
45.98,4.25,39.28,3.81,29.45,2.74,45.53,2.82,24.94,2.94,W
46.7,3.69,38.9,3.62,29.3,2.66,49.38,2.79,26.85,2.49,W
45.55,3.8,39.02,3.63,28.9,2.33,46.66,2.69,24.33,2.29,W
68.62,4.18,75.14,3.67,38.19,2.72,88.86,3.23,67.45,2.54,W
75.19,5.93,60.84,4.97,45.68,3.6,72.46,3.83,32.24,4.66,W
35.1,2.74,29.42,2.68,23.46,1.9,35.8,1.81,19.37,1.77,W
33.67,2.99,30.36,2.81,23.16,2.14,38.6,2.17,19.43,1.84,W
35.41,2.81,29.48,2.84,23.5,2.11,38.39,2.14,18.63,1.87,W
37.94,2.5,31.88,2.17,37.99,2.67,57.36,2.49,37.49,2.5,W
34.47,2.51,28.1,2.27,36.12,2.62,52.07,2.36,33.43,2.23,W
31.29,2.39,26.44,2.12,33.13,2.39,50.97,2.28,31.1,2.25,W
48.49,3.74,44.01,3.31,50.76,3.9,95.16,3.75,55.3,4.87,W
57.38,4.58,47.02,3.93,53.94,4.41,90.23,4.53,58.44,4.62,W
67.93,4.67,60.47,4.03,53.33,4.38,92.48,4.61,54.68,4.44,W
120.56,7.31,132.72,5.7,67.3,5.65,130.4,5.52,87.83,5.42,W
118.82,7.17,135.21,5.36,78.5,5.54,132.3,5.68,85.58,5.04,W
93.23,5.58,111.24,4.17,55.41,4.46,137.3,4.59,96.67,4.09,W
70.31,4.01,77.2,3.18,49.72,3.38,79.86,3.65,53.04,3.32,W
88.46,8.45,67.29,6.55,46.85,4.16,83.32,4.29,37.01,4.14,W
67.07,4.04,78.2,3.75,27.23,2.23,45.43,2.23,25.27,1.95,W
127.1,6.63,141.7,5.95,58.14,4.38,107.18,4.9,65.38,3.57,W
116.42,5.78,133.52,6.02,44.25,3.3,77.74,3.69,48.48,2.42,W
50.96,3.32,59.14,3.18,22.68,1.74,37.49,2.06,15.91,1.71,W
80.0,4.7,111.96,4.87,40.17,3.34,68.89,3.25,33.69,2.7,W
63.48,4.03,77.33,3.65,26.84,2.31,48.82,2.51,22.91,1.7,W
87.91,5.15,97.67,4.78,38.57,2.92,70.1,2.59,34.21,2.33,W
85.0,5.07,93.17,4.21,38.33,2.57,67.32,2.73,40.0,2.53,W
50.66,3.02,58.84,2.88,22.38,1.44,37.19,1.76,15.61,1.41,W
84.71,5.3,94.59,4.36,36.17,3.15,69.97,3.03,33.97,2.48,W
73.15,4.2,81.12,3.72,33.66,2.62,70.39,2.49,43.37,2.37,W
126.74,6.5,140.0,5.82,58.42,4.66,105.81,5.09,64.77,3.63,W
25.1,1.68,26.11,1.73,17.86,1.33,35.85,1.2,23.44,1.05,W
70.93,4.27,79.28,3.86,36.88,3.21,72.1,2.83,43.8,2.58,W
127.4,6.93,142.0,6.25,58.44,4.68,107.48,5.2,65.68,3.87,W
100.38,5.52,113.24,5.04,44.72,4.07,82.87,3.69,54.8,3.25,W
129.5,7.52,144.0,6.4,60.31,4.91,113.44,5.15,70.11,3.57,W
138.09,8.08,155.49,7.43,63.14,5.45,125.0,4.66,75.17,4.11,W
108.44,6.54,120.99,5.55,47.89,4.08,90.24,4.09,60.81,3.05,W
82.3,4.88,95.09,4.34,37.39,3.02,75.34,3.19,50.06,2.38,W
111.99,6.33,125.88,5.13,45.67,3.74,84.8,3.93,52.74,3.1,W
138.48,7.54,157.0,6.72,62.2,5.07,116.09,5.83,72.49,3.94,W
116.72,6.08,133.82,6.32,44.55,3.6,78.04,3.99,48.78,2.72,W
150.0,8.05,170.0,7.36,67.6,5.98,124.92,5.76,78.41,4.33,W
38.79,2.61,46.6,2.64,18.64,1.54,32.09,1.37,15.8,1.28,W
22.39,1.53,24.16,1.29,15.82,1.15,30.31,0.99,18.1,1.01,W
64.75,4.27,70.13,3.91,41.82,3.23,86.5,3.81,65.24,3.41,W
86.71,4.88,94.04,4.15,35.43,2.5,66.82,2.63,43.13,2.04,W
33.82,1.6,35.27,1.63,20.92,1.09,45.94,0.97,31.09,0.75,W
28.21,1.5,29.05,1.48,17.3,0.91,35.74,0.84,20.51,0.53,W
32.01,1.86,32.44,1.68,18.75,1.1,33.07,0.84,20.9,0.7,W
32.9,1.81,34.01,1.95,20.06,1.27,37.65,1.12,23.37,0.96,W
73.14,4.86,83.34,3.76,44.65,3.08,80.46,3.46,58.53,2.75,W
71.05,4.59,80.67,11.7,42.18,2.91,86.3,3.26,68.19,2.73,W
35.67,2.51,39.26,2.2,30.87,1.86,51.7,2.23,31.84,1.9,W
64.45,3.97,69.83,3.61,41.52,2.93,86.2,3.51,64.94,3.11,W
22.89,1.55,24.62,1.59,15.71,1.14,34.27,1.06,21.02,1.04,W
22.59,1.25,24.32,1.29,15.41,0.84,33.97,0.76,20.72,0.74,W
24.8,1.38,25.81,1.43,17.56,1.03,35.55,0.9,23.14,0.75,W
87.01,5.18,94.34,4.45,35.73,2.8,67.12,2.93,43.43,2.34,W
34.12,1.9,35.57,1.93,21.22,1.39,46.24,1.27,31.39,1.05,W
28.51,1.8,29.35,1.78,17.6,1.21,36.04,1.14,20.81,0.83,W
32.31,2.16,32.74,1.98,19.05,1.4,33.37,1.14,21.2,1.0,W
33.2,2.11,34.31,2.25,20.36,1.57,37.95,1.42,23.67,1.26,W
73.44,5.16,83.64,4.06,44.95,3.38,80.76,3.76,58.83,3.05,W
71.35,4.89,80.97,12.0,42.48,3.21,86.6,3.56,68.49,3.03,W
35.97,2.81,39.56,2.5,31.17,2.16,52.0,2.53,32.14,2.2,W
22.09,1.23,23.86,0.99,15.52,0.85,30.01,0.69,17.8,0.71,W
67.37,4.34,78.5,4.05,27.53,2.53,45.73,2.53,25.57,2.25,W
68.92,4.48,75.44,3.97,38.49,3.02,89.16,3.53,67.75,2.84,W
29.4,2.05,32.56,1.9,20.92,1.46,38.96,1.45,23.98,1.2,W
70.01,3.71,76.9,2.88,49.42,3.08,79.56,3.35,52.74,3.02,W
190.0,11.92,225.0,8.55,101.75,7.75,240.0,7.71,175.0,7.0,W
157.0,9.0,192.0,7.02,85.6,6.44,227.0,6.84,175.0,6.77,W
79.7,4.4,111.66,4.57,39.87,3.04,68.59,2.95,33.39,2.4,W
63.18,3.73,77.03,3.35,26.54,2.01,48.52,2.21,22.61,1.4,W
87.61,4.85,97.37,4.48,38.27,2.62,69.8,2.29,33.91,2.03,W
84.7,4.77,92.87,3.91,38.03,2.27,67.02,2.43,39.7,2.23,W
91.59,4.69,99.01,4.43,39.73,2.63,72.93,2.69,35.58,2.12,W
84.41,5.0,94.29,4.06,35.87,2.85,69.67,2.73,33.67,2.18,W
92.93,5.28,110.94,3.87,55.11,4.16,137.0,4.29,96.37,3.79,W
72.85,3.9,80.82,3.42,33.36,2.32,70.09,2.19,43.07,2.07,W
70.63,3.97,78.98,3.56,36.58,2.91,71.8,2.53,43.5,2.28,W
149.7,7.75,169.7,7.06,67.3,5.68,124.62,5.46,78.11,4.03,W
100.08,5.22,112.94,4.74,44.42,3.77,82.57,3.39,54.5,2.95,W
129.2,7.22,143.7,6.1,60.01,4.61,113.14,4.85,69.81,3.27,W
137.79,7.78,155.19,7.13,62.84,5.15,124.7,4.36,74.87,3.81,W
108.14,6.24,120.69,5.25,47.59,3.78,89.94,3.79,60.51,2.75,W
82.0,4.58,94.79,4.04,37.09,2.72,75.04,2.89,49.76,2.08,W
111.69,6.03,125.58,4.83,45.37,3.44,84.5,3.63,52.44,2.8,W
138.18,7.24,156.7,6.42,61.9,4.77,115.79,5.53,72.19,3.64,W
126.44,6.2,139.7,5.52,58.12,4.36,105.51,4.79,64.47,3.33,W
118.52,6.87,134.91,5.06,78.2,5.24,132.0,5.38,85.28,4.74,W
120.26,7.01,132.42,5.4,67.0,5.35,130.1,5.22,87.53,5.12,W
67.63,4.37,60.17,3.73,53.03,4.08,92.18,4.31,54.38,4.14,W
27.94,1.93,30.25,1.66,19.55,1.52,35.21,1.38,24.47,1.16,W
83.48,5.06,94.46,3.57,49.26,4.04,110.0,3.8,82.0,3.45,W
82.39,4.8,92.5,3.64,47.86,4.05,140.0,4.26,95.39,3.43,W
88.16,8.15,66.99,6.25,46.55,3.86,83.02,3.99,36.71,3.84,W
84.92,7.9,63.16,5.78,46.77,3.84,82.87,4.36,37.17,3.23,W
44.71,3.93,32.87,2.97,20.87,1.76,40.79,1.8,23.42,1.25,W
50.22,4.31,36.33,3.79,25.7,2.24,46.42,2.1,25.87,1.45,W
45.18,3.44,38.53,3.15,28.31,2.21,46.93,2.36,25.86,2.12,W
45.68,3.95,38.98,3.51,29.15,2.44,45.23,2.52,24.64,2.64,W
46.4,3.39,38.6,3.32,29.0,2.36,49.08,2.49,26.55,2.19,W
45.25,3.5,38.72,3.33,28.6,2.03,46.36,2.39,24.03,1.99,W
76.71,5.82,61.54,5.2,47.87,3.53,75.24,4.21,35.11,4.47,W
74.89,5.63,60.54,4.67,45.38,3.3,72.16,3.53,31.94,4.36,W
34.8,2.44,29.12,2.38,23.16,1.6,35.5,1.51,19.07,1.47,W
33.37,2.69,30.06,2.51,22.86,1.84,38.3,1.87,19.13,1.54,W
35.11,2.51,29.18,2.54,23.2,1.81,38.09,1.84,18.33,1.57,W
37.64,2.2,31.58,1.87,37.69,2.37,57.06,2.19,37.19,2.2,W
34.17,2.21,27.8,1.97,35.82,2.32,51.77,2.06,33.13,1.93,W
30.99,2.09,26.14,1.82,32.83,2.09,50.67,1.98,30.8,1.95,W
48.19,3.44,43.71,3.01,50.46,3.6,94.86,3.45,55.0,4.57,W
57.08,4.28,46.72,3.63,53.64,4.11,89.93,4.23,58.14,4.32,W
38.49,2.31,46.3,2.34,18.34,1.24,31.79,1.07,15.5,0.98,W
91.89,4.99,99.31,4.73,40.03,2.93,73.23,2.99,35.88,2.42,W
